Workbook

Sheet הגדרות
A1: ⚙ הגדרות מערכת ניהול כוח אדם במילואים
A3: ◀ תאריך תחילת שבוע | C3: 46096
A4: ← שנה את התאריך בתא C3 לעדכון אוטומטי של כל הגיליונות
A6: ימי השבוע | B6: א׳ | C6: ב׳ | D6: ג׳ | E6: ד׳ | F6: ה׳ | G6: ו׳ | H6: ש׳
B7: =הגדרות!$C$3+0 -> 46096 | C7: =הגדרות!$C$3+1 -> 46097 | D7: =הגדרות!$C$3+2 -> 46098 | E7: =הגדרות!$C$3+3 -> 46099 | F7: =הגדרות!$C$3+4 -> 46100 | G7: =הגדרות!$C$3+5 -> 46101 | H7: =הגדרות!$C$3+6 -> 46102
A9: משמרות
A10: בוקר | B10: 06:00–14:00
A11: אמצע | B11: 14:00–22:00
A12: ערב | B12: 22:00–06:00
A14: סף התרעת רצף משמרות | C14: 7
A16: מקרא צבעי סטטוס
A17: ✓ מאויש | B17: ⚠ חוסר | C17: ↑ עודף | D17: ⚡ עומס 7+ משמרות
A19: הוראות שימוש
A20: 1. עדכן את תאריך תחילת השבוע בתא C3 — כל הגיליונות יתעדכנו אוטומטית
A21: 2. הזן נתוני בסיס בגיליון נתוני_בסיס: מחלקות, תפקידים, עובדים, יועצים ותקנים
A22: 3. הזן שיבוצים יומיים בגיליון שיבוץ — תקן, שובצו, פער וסטטוס מחושבים אוטומטית
A23: 4. צפה בלוחות המשמרות, הסיכומים ודשבורד המנהלים לתמונת מצב מלאה
A24: 5. גיליון התרעות_עומס מסמן אוטומטית עובדים עם 7+ משמרות רצופות
A25: 6. גיליון תחזית מציג תחזית פערים/עודפים לפי נתוני התקן הקיימים

Sheet נתוני_בסיס
A1: 📋 דירקטוריית נתוני בסיס — מחלקות, תפקידים, עובדים, יועצים ותקנים
A2: מחלקות | C2: צוות | D2: מחלקה | F2: תפקידים | H2: שם | I2: מחלקה | J2: צוות | K2: תפקיד | L2: טלפון | M2: הערות | O2: שם יועץ | P2: מחלקה | Q2: תחום | R2: הערות | T2: מחלקה | U2: תפקיד | V2: משמרת | W2: תקן | Y2: כל השמות (עובדים+יועצים)
W3: 0 | Y3: =IFERROR(IF(INDEX(T_Employees[שם],1)="","",INDEX(T_Employees[שם],1)),"")
W4: 0 | Y4: =IFERROR(IF(INDEX(T_Employees[שם],2)="","",INDEX(T_Employees[שם],2)),"")
W5: 0 | Y5: =IFERROR(IF(INDEX(T_Employees[שם],3)="","",INDEX(T_Employees[שם],3)),"")
W6: 0 | Y6: =IFERROR(IF(INDEX(T_Employees[שם],4)="","",INDEX(T_Employees[שם],4)),"")
W7: 0 | Y7: =IFERROR(IF(INDEX(T_Employees[שם],5)="","",INDEX(T_Employees[שם],5)),"")
W8: 0 | Y8: =IFERROR(IF(INDEX(T_Employees[שם],6)="","",INDEX(T_Employees[שם],6)),"")
W9: 0 | Y9: =IFERROR(IF(INDEX(T_Employees[שם],7)="","",INDEX(T_Employees[שם],7)),"")
W10: 0 | Y10: =IFERROR(IF(INDEX(T_Employees[שם],8)="","",INDEX(T_Employees[שם],8)),"")
W11: 0 | Y11: =IFERROR(IF(INDEX(T_Employees[שם],9)="","",INDEX(T_Employees[שם],9)),"")
W12: 0 | Y12: =IFERROR(IF(INDEX(T_Employees[שם],10)="","",INDEX(T_Employees[שם],10)),"")
W13: 0 | Y13: =IFERROR(IF(INDEX(T_Employees[שם],11)="","",INDEX(T_Employees[שם],11)),"")
W14: 0 | Y14: =IFERROR(IF(INDEX(T_Employees[שם],12)="","",INDEX(T_Employees[שם],12)),"")
W15: 0 | Y15: =IFERROR(IF(INDEX(T_Employees[שם],13)="","",INDEX(T_Employees[שם],13)),"")
W16: 0 | Y16: =IFERROR(IF(INDEX(T_Employees[שם],14)="","",INDEX(T_Employees[שם],14)),"")
W17: 0 | Y17: =IFERROR(IF(INDEX(T_Employees[שם],15)="","",INDEX(T_Employees[שם],15)),"")
W18: 0 | Y18: =IFERROR(IF(INDEX(T_Employees[שם],16)="","",INDEX(T_Employees[שם],16)),"")
W19: 0 | Y19: =IFERROR(IF(INDEX(T_Employees[שם],17)="","",INDEX(T_Employees[שם],17)),"")
W20: 0 | Y20: =IFERROR(IF(INDEX(T_Employees[שם],18)="","",INDEX(T_Employees[שם],18)),"")
W21: 0 | Y21: =IFERROR(IF(INDEX(T_Employees[שם],19)="","",INDEX(T_Employees[שם],19)),"")
W22: 0 | Y22: =IFERROR(IF(INDEX(T_Employees[שם],20)="","",INDEX(T_Employees[שם],20)),"")
W23: 0 | Y23: =IFERROR(IF(INDEX(T_Employees[שם],21)="","",INDEX(T_Employees[שם],21)),"")
W24: 0 | Y24: =IFERROR(IF(INDEX(T_Employees[שם],22)="","",INDEX(T_Employees[שם],22)),"")
W25: 0 | Y25: =IFERROR(IF(INDEX(T_Employees[שם],23)="","",INDEX(T_Employees[שם],23)),"")
W26: 0 | Y26: =IFERROR(IF(INDEX(T_Employees[שם],24)="","",INDEX(T_Employees[שם],24)),"")
W27: 0 | Y27: =IFERROR(IF(INDEX(T_Employees[שם],25)="","",INDEX(T_Employees[שם],25)),"")
W28: 0 | Y28: =IFERROR(IF(INDEX(T_Employees[שם],26)="","",INDEX(T_Employees[שם],26)),"")
W29: 0 | Y29: =IFERROR(IF(INDEX(T_Employees[שם],27)="","",INDEX(T_Employees[שם],27)),"")
W30: 0 | Y30: =IFERROR(IF(INDEX(T_Employees[שם],28)="","",INDEX(T_Employees[שם],28)),"")
W31: 0 | Y31: =IFERROR(IF(INDEX(T_Employees[שם],29)="","",INDEX(T_Employees[שם],29)),"")
W32: 0 | Y32: =IFERROR(IF(INDEX(T_Employees[שם],30)="","",INDEX(T_Employees[שם],30)),"")
W33: 0 | Y33: =IFERROR(IF(INDEX(T_Employees[שם],31)="","",INDEX(T_Employees[שם],31)),"")
W34: 0 | Y34: =IFERROR(IF(INDEX(T_Employees[שם],32)="","",INDEX(T_Employees[שם],32)),"")
W35: 0 | Y35: =IFERROR(IF(INDEX(T_Employees[שם],33)="","",INDEX(T_Employees[שם],33)),"")
W36: 0 | Y36: =IFERROR(IF(INDEX(T_Employees[שם],34)="","",INDEX(T_Employees[שם],34)),"")
W37: 0 | Y37: =IFERROR(IF(INDEX(T_Employees[שם],35)="","",INDEX(T_Employees[שם],35)),"")
W38: 0 | Y38: =IFERROR(IF(INDEX(T_Employees[שם],36)="","",INDEX(T_Employees[שם],36)),"")
W39: 0 | Y39: =IFERROR(IF(INDEX(T_Employees[שם],37)="","",INDEX(T_Employees[שם],37)),"")
W40: 0 | Y40: =IFERROR(IF(INDEX(T_Employees[שם],38)="","",INDEX(T_Employees[שם],38)),"")
W41: 0 | Y41: =IFERROR(IF(INDEX(T_Employees[שם],39)="","",INDEX(T_Employees[שם],39)),"")
W42: 0 | Y42: =IFERROR(IF(INDEX(T_Employees[שם],40)="","",INDEX(T_Employees[שם],40)),"")
W43: 0 | Y43: =IFERROR(IF(INDEX(T_Employees[שם],41)="","",INDEX(T_Employees[שם],41)),"")
W44: 0 | Y44: =IFERROR(IF(INDEX(T_Employees[שם],42)="","",INDEX(T_Employees[שם],42)),"")
W45: 0 | Y45: =IFERROR(IF(INDEX(T_Employees[שם],43)="","",INDEX(T_Employees[שם],43)),"")
W46: 0 | Y46: =IFERROR(IF(INDEX(T_Employees[שם],44)="","",INDEX(T_Employees[שם],44)),"")
W47: 0 | Y47: =IFERROR(IF(INDEX(T_Employees[שם],45)="","",INDEX(T_Employees[שם],45)),"")
W48: 0 | Y48: =IFERROR(IF(INDEX(T_Employees[שם],46)="","",INDEX(T_Employees[שם],46)),"")
W49: 0 | Y49: =IFERROR(IF(INDEX(T_Employees[שם],47)="","",INDEX(T_Employees[שם],47)),"")
W50: 0 | Y50: =IFERROR(IF(INDEX(T_Employees[שם],48)="","",INDEX(T_Employees[שם],48)),"")
W51: 0 | Y51: =IFERROR(IF(INDEX(T_Employees[שם],49)="","",INDEX(T_Employees[שם],49)),"")
W52: 0 | Y52: =IFERROR(IF(INDEX(T_Employees[שם],50)="","",INDEX(T_Employees[שם],50)),"")
W53: 0 | Y53: =IFERROR(IF(INDEX(T_Consultants[שם יועץ],1)="","",INDEX(T_Consultants[שם יועץ],1)),"")
W54: 0 | Y54: =IFERROR(IF(INDEX(T_Consultants[שם יועץ],2)="","",INDEX(T_Consultants[שם יועץ],2)),"")
W55: 0 | Y55: =IFERROR(IF(INDEX(T_Consultants[שם יועץ],3)="","",INDEX(T_Consultants[שם יועץ],3)),"")
W56: 0 | Y56: =IFERROR(IF(INDEX(T_Consultants[שם יועץ],4)="","",INDEX(T_Consultants[שם יועץ],4)),"")
W57: 0 | Y57: =IFERROR(IF(INDEX(T_Consultants[שם יועץ],5)="","",INDEX(T_Consultants[שם יועץ],5)),"")
W58: 0 | Y58: =IFERROR(IF(INDEX(T_Consultants[שם יועץ],6)="","",INDEX(T_Consultants[שם יועץ],6)),"")
W59: 0 | Y59: =IFERROR(IF(INDEX(T_Consultants[שם יועץ],7)="","",INDEX(T_Consultants[שם יועץ],7)),"")
W60: 0 | Y60: =IFERROR(IF(INDEX(T_Consultants[שם יועץ],8)="","",INDEX(T_Consultants[שם יועץ],8)),"")
W61: 0 | Y61: =IFERROR(IF(INDEX(T_Consultants[שם יועץ],9)="","",INDEX(T_Consultants[שם יועץ],9)),"")
W62: 0 | Y62: =IFERROR(IF(INDEX(T_Consultants[שם יועץ],10)="","",INDEX(T_Consultants[שם יועץ],10)),"")
W63: 0 | Y63: =IFERROR(IF(INDEX(T_Consultants[שם יועץ],11)="","",INDEX(T_Consultants[שם יועץ],11)),"")
W64: 0 | Y64: =IFERROR(IF(INDEX(T_Consultants[שם יועץ],12)="","",INDEX(T_Consultants[שם יועץ],12)),"")
W65: 0 | Y65: =IFERROR(IF(INDEX(T_Consultants[שם יועץ],13)="","",INDEX(T_Consultants[שם יועץ],13)),"")
W66: 0 | Y66: =IFERROR(IF(INDEX(T_Consultants[שם יועץ],14)="","",INDEX(T_Consultants[שם יועץ],14)),"")
W67: 0 | Y67: =IFERROR(IF(INDEX(T_Consultants[שם יועץ],15)="","",INDEX(T_Consultants[שם יועץ],15)),"")
W68: 0 | Y68: =IFERROR(IF(INDEX(T_Consultants[שם יועץ],16)="","",INDEX(T_Consultants[שם יועץ],16)),"")
W69: 0 | Y69: =IFERROR(IF(INDEX(T_Consultants[שם יועץ],17)="","",INDEX(T_Consultants[שם יועץ],17)),"")
W70: 0 | Y70: =IFERROR(IF(INDEX(T_Consultants[שם יועץ],18)="","",INDEX(T_Consultants[שם יועץ],18)),"")
W71: 0 | Y71: =IFERROR(IF(INDEX(T_Consultants[שם יועץ],19)="","",INDEX(T_Consultants[שם יועץ],19)),"")
W72: 0 | Y72: =IFERROR(IF(INDEX(T_Consultants[שם יועץ],20)="","",INDEX(T_Consultants[שם יועץ],20)),"")
W73: 0 | Y73: =IFERROR(IF(INDEX(T_Consultants[שם יועץ],21)="","",INDEX(T_Consultants[שם יועץ],21)),"")
W74: 0 | Y74: =IFERROR(IF(INDEX(T_Consultants[שם יועץ],22)="","",INDEX(T_Consultants[שם יועץ],22)),"")
W75: 0 | Y75: =IFERROR(IF(INDEX(T_Consultants[שם יועץ],23)="","",INDEX(T_Consultants[שם יועץ],23)),"")
W76: 0 | Y76: =IFERROR(IF(INDEX(T_Consultants[שם יועץ],24)="","",INDEX(T_Consultants[שם יועץ],24)),"")
W77: 0 | Y77: =IFERROR(IF(INDEX(T_Consultants[שם יועץ],25)="","",INDEX(T_Consultants[שם יועץ],25)),"")
W78: 0 | Y78: =IFERROR(IF(INDEX(T_Consultants[שם יועץ],26)="","",INDEX(T_Consultants[שם יועץ],26)),"")
W79: 0 | Y79: =IFERROR(IF(INDEX(T_Consultants[שם יועץ],27)="","",INDEX(T_Consultants[שם יועץ],27)),"")
W80: 0 | Y80: =IFERROR(IF(INDEX(T_Consultants[שם יועץ],28)="","",INDEX(T_Consultants[שם יועץ],28)),"")
W81: 0 | Y81: =IFERROR(IF(INDEX(T_Consultants[שם יועץ],29)="","",INDEX(T_Consultants[שם יועץ],29)),"")
W82: 0 | Y82: =IFERROR(IF(INDEX(T_Consultants[שם יועץ],30)="","",INDEX(T_Consultants[שם יועץ],30)),"")
W83: 0 | Y83: =IFERROR(IF(INDEX(T_Consultants[שם יועץ],31)="","",INDEX(T_Consultants[שם יועץ],31)),"")
W84: 0 | Y84: =IFERROR(IF(INDEX(T_Consultants[שם יועץ],32)="","",INDEX(T_Consultants[שם יועץ],32)),"")
W85: 0 | Y85: =IFERROR(IF(INDEX(T_Consultants[שם יועץ],33)="","",INDEX(T_Consultants[שם יועץ],33)),"")
W86: 0 | Y86: =IFERROR(IF(INDEX(T_Consultants[שם יועץ],34)="","",INDEX(T_Consultants[שם יועץ],34)),"")
W87: 0 | Y87: =IFERROR(IF(INDEX(T_Consultants[שם יועץ],35)="","",INDEX(T_Consultants[שם יועץ],35)),"")
W88: 0 | Y88: =IFERROR(IF(INDEX(T_Consultants[שם יועץ],36)="","",INDEX(T_Consultants[שם יועץ],36)),"")
W89: 0 | Y89: =IFERROR(IF(INDEX(T_Consultants[שם יועץ],37)="","",INDEX(T_Consultants[שם יועץ],37)),"")
W90: 0 | Y90: =IFERROR(IF(INDEX(T_Consultants[שם יועץ],38)="","",INDEX(T_Consultants[שם יועץ],38)),"")
W91: 0 | Y91: =IFERROR(IF(INDEX(T_Consultants[שם יועץ],39)="","",INDEX(T_Consultants[שם יועץ],39)),"")
W92: 0 | Y92: =IFERROR(IF(INDEX(T_Consultants[שם יועץ],40)="","",INDEX(T_Consultants[שם יועץ],40)),"")
W93: 0 | Y93: =IFERROR(IF(INDEX(T_Consultants[שם יועץ],41)="","",INDEX(T_Consultants[שם יועץ],41)),"")
W94: 0 | Y94: =IFERROR(IF(INDEX(T_Consultants[שם יועץ],42)="","",INDEX(T_Consultants[שם יועץ],42)),"")
W95: 0 | Y95: =IFERROR(IF(INDEX(T_Consultants[שם יועץ],43)="","",INDEX(T_Consultants[שם יועץ],43)),"")
W96: 0 | Y96: =IFERROR(IF(INDEX(T_Consultants[שם יועץ],44)="","",INDEX(T_Consultants[שם יועץ],44)),"")
W97: 0 | Y97: =IFERROR(IF(INDEX(T_Consultants[שם יועץ],45)="","",INDEX(T_Consultants[שם יועץ],45)),"")
W98: 0 | Y98: =IFERROR(IF(INDEX(T_Consultants[שם יועץ],46)="","",INDEX(T_Consultants[שם יועץ],46)),"")
W99: 0 | Y99: =IFERROR(IF(INDEX(T_Consultants[שם יועץ],47)="","",INDEX(T_Consultants[שם יועץ],47)),"")
W100: 0 | Y100: =IFERROR(IF(INDEX(T_Consultants[שם יועץ],48)="","",INDEX(T_Consultants[שם יועץ],48)),"")
...

Sheet שיבוץ
A1: 📋 לוח שיבוץ — הזן כאן את השיבוצים היומיים
A2: תאריך | B2: משמרת | C2: מחלקה | D2: צוות | E2: תפקיד | F2: שם | G2: סוג | H2: תקן | I2: שובצו | J2: פער | K2: חוסר | L2: עודף | M2: סטטוס | N2: יום שבוע | O2: מדד רצף
G3: =IFERROR(IF($F3="","",IF(COUNTIF(נתוני_בסיס!$O$3:$O$52,$F3)>0,"יועץ","עובד")),"") | H3: =IFERROR(IF($C3="",0,SUMPRODUCT((T_Standards[מחלקה]=$C3)*(T_Standards[תפקיד]=$E3)*(T_Standards[משמרת]=$B3)*T_Standards[תקן])),0) -> 0 | I3: =IFERROR(IF($A3="",0,COUNTIFS($A$3:$A$2000,$A3,$B$3:$B$2000,$B3,$C$3:$C$2000,$C3,$E$3:$E$2000,$E3)),0) -> 0 | J3: =IFERROR($H3-$I3,0) -> 0 | K3: =IFERROR(MAX(0,$J3),0) -> 0 | L3: =IFERROR(MAX(0,-$J3),0) -> 0 | M3: =IFERROR(IF($A3="","",IF($J3=0,"✓ מאויש",IF($J3>0,"⚠ חוסר","↑ עודף"))),"") | N3: =IFERROR(IF($A3="","",CHOOSE(WEEKDAY($A3,2),"ב׳","ג׳","ד׳","ה׳","ו׳","ש׳","א׳")),"") | O3: =IFERROR(IF($A3="","",($A3-DATE(2024,1,1))*3+IF($B3="בוקר",1,IF($B3="אמצע",2,3))),"")

Sheet לוח_יומי_כללי
A1: 📅 לוח משמרות יומי — כל המחלקות יחד
A3: תאריך מוצג | B3: =הגדרות!$C$3 -> 46096 | C3: ← ניתן לשנות ידנית לתאריך אחר
A5: מחלקה | B5: בוקר | F5: אמצע | J5: ערב | N5: סיכום יומי
B6: תקן | C6: שובצו | D6: פער | E6: סטטוס | F6: תקן | G6: שובצו | H6: פער | I6: סטטוס | J6: תקן | K6: שובצו | L6: פער | M6: סטטוס | N6: תקן | O6: שובצו | P6: פער | Q6: סטטוס
A7: =IFERROR(INDEX(T_Depts[מחלקה],1),"") | B7: =IFERROR(SUMPRODUCT((T_Standards[מחלקה]=$A7)*(T_Standards[משמרת]="בוקר")*T_Standards[תקן]),0) -> 0 | C7: =IFERROR(COUNTIFS(T_Assign[תאריך],$B$3,T_Assign[משמרת],"בוקר",T_Assign[מחלקה],$A7),0) -> 0 | D7: =IFERROR(B7-C7,0) -> 0 | E7: =IFERROR(IF($A7="","",IF(D7=0,"✓",IF(D7>0,"⚠","↑"))),"") | F7: =IFERROR(SUMPRODUCT((T_Standards[מחלקה]=$A7)*(T_Standards[משמרת]="אמצע")*T_Standards[תקן]),0) -> 0 | G7: =IFERROR(COUNTIFS(T_Assign[תאריך],$B$3,T_Assign[משמרת],"אמצע",T_Assign[מחלקה],$A7),0) -> 0 | H7: =IFERROR(F7-G7,0) -> 0 | I7: =IFERROR(IF($A7="","",IF(H7=0,"✓",IF(H7>0,"⚠","↑"))),"") | J7: =IFERROR(SUMPRODUCT((T_Standards[מחלקה]=$A7)*(T_Standards[משמרת]="ערב")*T_Standards[תקן]),0) -> 0 | K7: =IFERROR(COUNTIFS(T_Assign[תאריך],$B$3,T_Assign[משמרת],"ערב",T_Assign[מחלקה],$A7),0) -> 0 | L7: =IFERROR(J7-K7,0) -> 0 | M7: =IFERROR(IF($A7="","",IF(L7=0,"✓",IF(L7>0,"⚠","↑"))),"") | N7: =IFERROR(SUM(B7,F7,J7),0) -> 0 | O7: =IFERROR(SUM(C7,G7,K7),0) -> 0 | P7: =IFERROR(N7-O7,0) -> 0 | Q7: =IFERROR(IF($A7="","",IF(P7=0,"✓ מאויש",IF(P7>0,"⚠ חוסר","↑ עודף"))),"")
A8: =IFERROR(INDEX(T_Depts[מחלקה],2),"") | B8: =IFERROR(SUMPRODUCT((T_Standards[מחלקה]=$A8)*(T_Standards[משמרת]="בוקר")*T_Standards[תקן]),0) -> 0 | C8: =IFERROR(COUNTIFS(T_Assign[תאריך],$B$3,T_Assign[משמרת],"בוקר",T_Assign[מחלקה],$A8),0) -> 0 | D8: =IFERROR(B8-C8,0) -> 0 | E8: =IFERROR(IF($A8="","",IF(D8=0,"✓",IF(D8>0,"⚠","↑"))),"") | F8: =IFERROR(SUMPRODUCT((T_Standards[מחלקה]=$A8)*(T_Standards[משמרת]="אמצע")*T_Standards[תקן]),0) -> 0 | G8: =IFERROR(COUNTIFS(T_Assign[תאריך],$B$3,T_Assign[משמרת],"אמצע",T_Assign[מחלקה],$A8),0) -> 0 | H8: =IFERROR(F8-G8,0) -> 0 | I8: =IFERROR(IF($A8="","",IF(H8=0,"✓",IF(H8>0,"⚠","↑"))),"") | J8: =IFERROR(SUMPRODUCT((T_Standards[מחלקה]=$A8)*(T_Standards[משמרת]="ערב")*T_Standards[תקן]),0) -> 0 | K8: =IFERROR(COUNTIFS(T_Assign[תאריך],$B$3,T_Assign[משמרת],"ערב",T_Assign[מחלקה],$A8),0) -> 0 | L8: =IFERROR(J8-K8,0) -> 0 | M8: =IFERROR(IF($A8="","",IF(L8=0,"✓",IF(L8>0,"⚠","↑"))),"") | N8: =IFERROR(SUM(B8,F8,J8),0) -> 0 | O8: =IFERROR(SUM(C8,G8,K8),0) -> 0 | P8: =IFERROR(N8-O8,0) -> 0 | Q8: =IFERROR(IF($A8="","",IF(P8=0,"✓ מאויש",IF(P8>0,"⚠ חוסר","↑ עודף"))),"")
A9: =IFERROR(INDEX(T_Depts[מחלקה],3),"") | B9: =IFERROR(SUMPRODUCT((T_Standards[מחלקה]=$A9)*(T_Standards[משמרת]="בוקר")*T_Standards[תקן]),0) -> 0 | C9: =IFERROR(COUNTIFS(T_Assign[תאריך],$B$3,T_Assign[משמרת],"בוקר",T_Assign[מחלקה],$A9),0) -> 0 | D9: =IFERROR(B9-C9,0) -> 0 | E9: =IFERROR(IF($A9="","",IF(D9=0,"✓",IF(D9>0,"⚠","↑"))),"") | F9: =IFERROR(SUMPRODUCT((T_Standards[מחלקה]=$A9)*(T_Standards[משמרת]="אמצע")*T_Standards[תקן]),0) -> 0 | G9: =IFERROR(COUNTIFS(T_Assign[תאריך],$B$3,T_Assign[משמרת],"אמצע",T_Assign[מחלקה],$A9),0) -> 0 | H9: =IFERROR(F9-G9,0) -> 0 | I9: =IFERROR(IF($A9="","",IF(H9=0,"✓",IF(H9>0,"⚠","↑"))),"") | J9: =IFERROR(SUMPRODUCT((T_Standards[מחלקה]=$A9)*(T_Standards[משמרת]="ערב")*T_Standards[תקן]),0) -> 0 | K9: =IFERROR(COUNTIFS(T_Assign[תאריך],$B$3,T_Assign[משמרת],"ערב",T_Assign[מחלקה],$A9),0) -> 0 | L9: =IFERROR(J9-K9,0) -> 0 | M9: =IFERROR(IF($A9="","",IF(L9=0,"✓",IF(L9>0,"⚠","↑"))),"") | N9: =IFERROR(SUM(B9,F9,J9),0) -> 0 | O9: =IFERROR(SUM(C9,G9,K9),0) -> 0 | P9: =IFERROR(N9-O9,0) -> 0 | Q9: =IFERROR(IF($A9="","",IF(P9=0,"✓ מאויש",IF(P9>0,"⚠ חוסר","↑ עודף"))),"")
A10: =IFERROR(INDEX(T_Depts[מחלקה],4),"") | B10: =IFERROR(SUMPRODUCT((T_Standards[מחלקה]=$A10)*(T_Standards[משמרת]="בוקר")*T_Standards[תקן]),0) -> 0 | C10: =IFERROR(COUNTIFS(T_Assign[תאריך],$B$3,T_Assign[משמרת],"בוקר",T_Assign[מחלקה],$A10),0) -> 0 | D10: =IFERROR(B10-C10,0) -> 0 | E10: =IFERROR(IF($A10="","",IF(D10=0,"✓",IF(D10>0,"⚠","↑"))),"") | F10: =IFERROR(SUMPRODUCT((T_Standards[מחלקה]=$A10)*(T_Standards[משמרת]="אמצע")*T_Standards[תקן]),0) -> 0 | G10: =IFERROR(COUNTIFS(T_Assign[תאריך],$B$3,T_Assign[משמרת],"אמצע",T_Assign[מחלקה],$A10),0) -> 0 | H10: =IFERROR(F10-G10,0) -> 0 | I10: =IFERROR(IF($A10="","",IF(H10=0,"✓",IF(H10>0,"⚠","↑"))),"") | J10: =IFERROR(SUMPRODUCT((T_Standards[מחלקה]=$A10)*(T_Standards[משמרת]="ערב")*T_Standards[תקן]),0) -> 0 | K10: =IFERROR(COUNTIFS(T_Assign[תאריך],$B$3,T_Assign[משמרת],"ערב",T_Assign[מחלקה],$A10),0) -> 0 | L10: =IFERROR(J10-K10,0) -> 0 | M10: =IFERROR(IF($A10="","",IF(L10=0,"✓",IF(L10>0,"⚠","↑"))),"") | N10: =IFERROR(SUM(B10,F10,J10),0) -> 0 | O10: =IFERROR(SUM(C10,G10,K10),0) -> 0 | P10: =IFERROR(N10-O10,0) -> 0 | Q10: =IFERROR(IF($A10="","",IF(P10=0,"✓ מאויש",IF(P10>0,"⚠ חוסר","↑ עודף"))),"")
A11: =IFERROR(INDEX(T_Depts[מחלקה],5),"") | B11: =IFERROR(SUMPRODUCT((T_Standards[מחלקה]=$A11)*(T_Standards[משמרת]="בוקר")*T_Standards[תקן]),0) -> 0 | C11: =IFERROR(COUNTIFS(T_Assign[תאריך],$B$3,T_Assign[משמרת],"בוקר",T_Assign[מחלקה],$A11),0) -> 0 | D11: =IFERROR(B11-C11,0) -> 0 | E11: =IFERROR(IF($A11="","",IF(D11=0,"✓",IF(D11>0,"⚠","↑"))),"") | F11: =IFERROR(SUMPRODUCT((T_Standards[מחלקה]=$A11)*(T_Standards[משמרת]="אמצע")*T_Standards[תקן]),0) -> 0 | G11: =IFERROR(COUNTIFS(T_Assign[תאריך],$B$3,T_Assign[משמרת],"אמצע",T_Assign[מחלקה],$A11),0) -> 0 | H11: =IFERROR(F11-G11,0) -> 0 | I11: =IFERROR(IF($A11="","",IF(H11=0,"✓",IF(H11>0,"⚠","↑"))),"") | J11: =IFERROR(SUMPRODUCT((T_Standards[מחלקה]=$A11)*(T_Standards[משמרת]="ערב")*T_Standards[תקן]),0) -> 0 | K11: =IFERROR(COUNTIFS(T_Assign[תאריך],$B$3,T_Assign[משמרת],"ערב",T_Assign[מחלקה],$A11),0) -> 0 | L11: =IFERROR(J11-K11,0) -> 0 | M11: =IFERROR(IF($A11="","",IF(L11=0,"✓",IF(L11>0,"⚠","↑"))),"") | N11: =IFERROR(SUM(B11,F11,J11),0) -> 0 | O11: =IFERROR(SUM(C11,G11,K11),0) -> 0 | P11: =IFERROR(N11-O11,0) -> 0 | Q11: =IFERROR(IF($A11="","",IF(P11=0,"✓ מאויש",IF(P11>0,"⚠ חוסר","↑ עודף"))),"")
A12: =IFERROR(INDEX(T_Depts[מחלקה],6),"") | B12: =IFERROR(SUMPRODUCT((T_Standards[מחלקה]=$A12)*(T_Standards[משמרת]="בוקר")*T_Standards[תקן]),0) -> 0 | C12: =IFERROR(COUNTIFS(T_Assign[תאריך],$B$3,T_Assign[משמרת],"בוקר",T_Assign[מחלקה],$A12),0) -> 0 | D12: =IFERROR(B12-C12,0) -> 0 | E12: =IFERROR(IF($A12="","",IF(D12=0,"✓",IF(D12>0,"⚠","↑"))),"") | F12: =IFERROR(SUMPRODUCT((T_Standards[מחלקה]=$A12)*(T_Standards[משמרת]="אמצע")*T_Standards[תקן]),0) -> 0 | G12: =IFERROR(COUNTIFS(T_Assign[תאריך],$B$3,T_Assign[משמרת],"אמצע",T_Assign[מחלקה],$A12),0) -> 0 | H12: =IFERROR(F12-G12,0) -> 0 | I12: =IFERROR(IF($A12="","",IF(H12=0,"✓",IF(H12>0,"⚠","↑"))),"") | J12: =IFERROR(SUMPRODUCT((T_Standards[מחלקה]=$A12)*(T_Standards[משמרת]="ערב")*T_Standards[תקן]),0) -> 0 | K12: =IFERROR(COUNTIFS(T_Assign[תאריך],$B$3,T_Assign[משמרת],"ערב",T_Assign[מחלקה],$A12),0) -> 0 | L12: =IFERROR(J12-K12,0) -> 0 | M12: =IFERROR(IF($A12="","",IF(L12=0,"✓",IF(L12>0,"⚠","↑"))),"") | N12: =IFERROR(SUM(B12,F12,J12),0) -> 0 | O12: =IFERROR(SUM(C12,G12,K12),0) -> 0 | P12: =IFERROR(N12-O12,0) -> 0 | Q12: =IFERROR(IF($A12="","",IF(P12=0,"✓ מאויש",IF(P12>0,"⚠ חוסר","↑ עודף"))),"")
A13: =IFERROR(INDEX(T_Depts[מחלקה],7),"") | B13: =IFERROR(SUMPRODUCT((T_Standards[מחלקה]=$A13)*(T_Standards[משמרת]="בוקר")*T_Standards[תקן]),0) -> 0 | C13: =IFERROR(COUNTIFS(T_Assign[תאריך],$B$3,T_Assign[משמרת],"בוקר",T_Assign[מחלקה],$A13),0) -> 0 | D13: =IFERROR(B13-C13,0) -> 0 | E13: =IFERROR(IF($A13="","",IF(D13=0,"✓",IF(D13>0,"⚠","↑"))),"") | F13: =IFERROR(SUMPRODUCT((T_Standards[מחלקה]=$A13)*(T_Standards[משמרת]="אמצע")*T_Standards[תקן]),0) -> 0 | G13: =IFERROR(COUNTIFS(T_Assign[תאריך],$B$3,T_Assign[משמרת],"אמצע",T_Assign[מחלקה],$A13),0) -> 0 | H13: =IFERROR(F13-G13,0) -> 0 | I13: =IFERROR(IF($A13="","",IF(H13=0,"✓",IF(H13>0,"⚠","↑"))),"") | J13: =IFERROR(SUMPRODUCT((T_Standards[מחלקה]=$A13)*(T_Standards[משמרת]="ערב")*T_Standards[תקן]),0) -> 0 | K13: =IFERROR(COUNTIFS(T_Assign[תאריך],$B$3,T_Assign[משמרת],"ערב",T_Assign[מחלקה],$A13),0) -> 0 | L13: =IFERROR(J13-K13,0) -> 0 | M13: =IFERROR(IF($A13="","",IF(L13=0,"✓",IF(L13>0,"⚠","↑"))),"") | N13: =IFERROR(SUM(B13,F13,J13),0) -> 0 | O13: =IFERROR(SUM(C13,G13,K13),0) -> 0 | P13: =IFERROR(N13-O13,0) -> 0 | Q13: =IFERROR(IF($A13="","",IF(P13=0,"✓ מאויש",IF(P13>0,"⚠ חוסר","↑ עודף"))),"")
A14: =IFERROR(INDEX(T_Depts[מחלקה],8),"") | B14: =IFERROR(SUMPRODUCT((T_Standards[מחלקה]=$A14)*(T_Standards[משמרת]="בוקר")*T_Standards[תקן]),0) -> 0 | C14: =IFERROR(COUNTIFS(T_Assign[תאריך],$B$3,T_Assign[משמרת],"בוקר",T_Assign[מחלקה],$A14),0) -> 0 | D14: =IFERROR(B14-C14,0) -> 0 | E14: =IFERROR(IF($A14="","",IF(D14=0,"✓",IF(D14>0,"⚠","↑"))),"") | F14: =IFERROR(SUMPRODUCT((T_Standards[מחלקה]=$A14)*(T_Standards[משמרת]="אמצע")*T_Standards[תקן]),0) -> 0 | G14: =IFERROR(COUNTIFS(T_Assign[תאריך],$B$3,T_Assign[משמרת],"אמצע",T_Assign[מחלקה],$A14),0) -> 0 | H14: =IFERROR(F14-G14,0) -> 0 | I14: =IFERROR(IF($A14="","",IF(H14=0,"✓",IF(H14>0,"⚠","↑"))),"") | J14: =IFERROR(SUMPRODUCT((T_Standards[מחלקה]=$A14)*(T_Standards[משמרת]="ערב")*T_Standards[תקן]),0) -> 0 | K14: =IFERROR(COUNTIFS(T_Assign[תאריך],$B$3,T_Assign[משמרת],"ערב",T_Assign[מחלקה],$A14),0) -> 0 | L14: =IFERROR(J14-K14,0) -> 0 | M14: =IFERROR(IF($A14="","",IF(L14=0,"✓",IF(L14>0,"⚠","↑"))),"") | N14: =IFERROR(SUM(B14,F14,J14),0) -> 0 | O14: =IFERROR(SUM(C14,G14,K14),0) -> 0 | P14: =IFERROR(N14-O14,0) -> 0 | Q14: =IFERROR(IF($A14="","",IF(P14=0,"✓ מאויש",IF(P14>0,"⚠ חוסר","↑ עודף"))),"")
A15: =IFERROR(INDEX(T_Depts[מחלקה],9),"") | B15: =IFERROR(SUMPRODUCT((T_Standards[מחלקה]=$A15)*(T_Standards[משמרת]="בוקר")*T_Standards[תקן]),0) -> 0 | C15: =IFERROR(COUNTIFS(T_Assign[תאריך],$B$3,T_Assign[משמרת],"בוקר",T_Assign[מחלקה],$A15),0) -> 0 | D15: =IFERROR(B15-C15,0) -> 0 | E15: =IFERROR(IF($A15="","",IF(D15=0,"✓",IF(D15>0,"⚠","↑"))),"") | F15: =IFERROR(SUMPRODUCT((T_Standards[מחלקה]=$A15)*(T_Standards[משמרת]="אמצע")*T_Standards[תקן]),0) -> 0 | G15: =IFERROR(COUNTIFS(T_Assign[תאריך],$B$3,T_Assign[משמרת],"אמצע",T_Assign[מחלקה],$A15),0) -> 0 | H15: =IFERROR(F15-G15,0) -> 0 | I15: =IFERROR(IF($A15="","",IF(H15=0,"✓",IF(H15>0,"⚠","↑"))),"") | J15: =IFERROR(SUMPRODUCT((T_Standards[מחלקה]=$A15)*(T_Standards[משמרת]="ערב")*T_Standards[תקן]),0) -> 0 | K15: =IFERROR(COUNTIFS(T_Assign[תאריך],$B$3,T_Assign[משמרת],"ערב",T_Assign[מחלקה],$A15),0) -> 0 | L15: =IFERROR(J15-K15,0) -> 0 | M15: =IFERROR(IF($A15="","",IF(L15=0,"✓",IF(L15>0,"⚠","↑"))),"") | N15: =IFERROR(SUM(B15,F15,J15),0) -> 0 | O15: =IFERROR(SUM(C15,G15,K15),0) -> 0 | P15: =IFERROR(N15-O15,0) -> 0 | Q15: =IFERROR(IF($A15="","",IF(P15=0,"✓ מאויש",IF(P15>0,"⚠ חוסר","↑ עודף"))),"")
A16: =IFERROR(INDEX(T_Depts[מחלקה],10),"") | B16: =IFERROR(SUMPRODUCT((T_Standards[מחלקה]=$A16)*(T_Standards[משמרת]="בוקר")*T_Standards[תקן]),0) -> 0 | C16: =IFERROR(COUNTIFS(T_Assign[תאריך],$B$3,T_Assign[משמרת],"בוקר",T_Assign[מחלקה],$A16),0) -> 0 | D16: =IFERROR(B16-C16,0) -> 0 | E16: =IFERROR(IF($A16="","",IF(D16=0,"✓",IF(D16>0,"⚠","↑"))),"") | F16: =IFERROR(SUMPRODUCT((T_Standards[מחלקה]=$A16)*(T_Standards[משמרת]="אמצע")*T_Standards[תקן]),0) -> 0 | G16: =IFERROR(COUNTIFS(T_Assign[תאריך],$B$3,T_Assign[משמרת],"אמצע",T_Assign[מחלקה],$A16),0) -> 0 | H16: =IFERROR(F16-G16,0) -> 0 | I16: =IFERROR(IF($A16="","",IF(H16=0,"✓",IF(H16>0,"⚠","↑"))),"") | J16: =IFERROR(SUMPRODUCT((T_Standards[מחלקה]=$A16)*(T_Standards[משמרת]="ערב")*T_Standards[תקן]),0) -> 0 | K16: =IFERROR(COUNTIFS(T_Assign[תאריך],$B$3,T_Assign[משמרת],"ערב",T_Assign[מחלקה],$A16),0) -> 0 | L16: =IFERROR(J16-K16,0) -> 0 | M16: =IFERROR(IF($A16="","",IF(L16=0,"✓",IF(L16>0,"⚠","↑"))),"") | N16: =IFERROR(SUM(B16,F16,J16),0) -> 0 | O16: =IFERROR(SUM(C16,G16,K16),0) -> 0 | P16: =IFERROR(N16-O16,0) -> 0 | Q16: =IFERROR(IF($A16="","",IF(P16=0,"✓ מאויש",IF(P16>0,"⚠ חוסר","↑ עודף"))),"")
A17: =IFERROR(INDEX(T_Depts[מחלקה],11),"") | B17: =IFERROR(SUMPRODUCT((T_Standards[מחלקה]=$A17)*(T_Standards[משמרת]="בוקר")*T_Standards[תקן]),0) -> 0 | C17: =IFERROR(COUNTIFS(T_Assign[תאריך],$B$3,T_Assign[משמרת],"בוקר",T_Assign[מחלקה],$A17),0) -> 0 | D17: =IFERROR(B17-C17,0) -> 0 | E17: =IFERROR(IF($A17="","",IF(D17=0,"✓",IF(D17>0,"⚠","↑"))),"") | F17: =IFERROR(SUMPRODUCT((T_Standards[מחלקה]=$A17)*(T_Standards[משמרת]="אמצע")*T_Standards[תקן]),0) -> 0 | G17: =IFERROR(COUNTIFS(T_Assign[תאריך],$B$3,T_Assign[משמרת],"אמצע",T_Assign[מחלקה],$A17),0) -> 0 | H17: =IFERROR(F17-G17,0) -> 0 | I17: =IFERROR(IF($A17="","",IF(H17=0,"✓",IF(H17>0,"⚠","↑"))),"") | J17: =IFERROR(SUMPRODUCT((T_Standards[מחלקה]=$A17)*(T_Standards[משמרת]="ערב")*T_Standards[תקן]),0) -> 0 | K17: =IFERROR(COUNTIFS(T_Assign[תאריך],$B$3,T_Assign[משמרת],"ערב",T_Assign[מחלקה],$A17),0) -> 0 | L17: =IFERROR(J17-K17,0) -> 0 | M17: =IFERROR(IF($A17="","",IF(L17=0,"✓",IF(L17>0,"⚠","↑"))),"") | N17: =IFERROR(SUM(B17,F17,J17),0) -> 0 | O17: =IFERROR(SUM(C17,G17,K17),0) -> 0 | P17: =IFERROR(N17-O17,0) -> 0 | Q17: =IFERROR(IF($A17="","",IF(P17=0,"✓ מאויש",IF(P17>0,"⚠ חוסר","↑ עודף"))),"")
A18: =IFERROR(INDEX(T_Depts[מחלקה],12),"") | B18: =IFERROR(SUMPRODUCT((T_Standards[מחלקה]=$A18)*(T_Standards[משמרת]="בוקר")*T_Standards[תקן]),0) -> 0 | C18: =IFERROR(COUNTIFS(T_Assign[תאריך],$B$3,T_Assign[משמרת],"בוקר",T_Assign[מחלקה],$A18),0) -> 0 | D18: =IFERROR(B18-C18,0) -> 0 | E18: =IFERROR(IF($A18="","",IF(D18=0,"✓",IF(D18>0,"⚠","↑"))),"") | F18: =IFERROR(SUMPRODUCT((T_Standards[מחלקה]=$A18)*(T_Standards[משמרת]="אמצע")*T_Standards[תקן]),0) -> 0 | G18: =IFERROR(COUNTIFS(T_Assign[תאריך],$B$3,T_Assign[משמרת],"אמצע",T_Assign[מחלקה],$A18),0) -> 0 | H18: =IFERROR(F18-G18,0) -> 0 | I18: =IFERROR(IF($A18="","",IF(H18=0,"✓",IF(H18>0,"⚠","↑"))),"") | J18: =IFERROR(SUMPRODUCT((T_Standards[מחלקה]=$A18)*(T_Standards[משמרת]="ערב")*T_Standards[תקן]),0) -> 0 | K18: =IFERROR(COUNTIFS(T_Assign[תאריך],$B$3,T_Assign[משמרת],"ערב",T_Assign[מחלקה],$A18),0) -> 0 | L18: =IFERROR(J18-K18,0) -> 0 | M18: =IFERROR(IF($A18="","",IF(L18=0,"✓",IF(L18>0,"⚠","↑"))),"") | N18: =IFERROR(SUM(B18,F18,J18),0) -> 0 | O18: =IFERROR(SUM(C18,G18,K18),0) -> 0 | P18: =IFERROR(N18-O18,0) -> 0 | Q18: =IFERROR(IF($A18="","",IF(P18=0,"✓ מאויש",IF(P18>0,"⚠ חוסר","↑ עודף"))),"")
A19: =IFERROR(INDEX(T_Depts[מחלקה],13),"") | B19: =IFERROR(SUMPRODUCT((T_Standards[מחלקה]=$A19)*(T_Standards[משמרת]="בוקר")*T_Standards[תקן]),0) -> 0 | C19: =IFERROR(COUNTIFS(T_Assign[תאריך],$B$3,T_Assign[משמרת],"בוקר",T_Assign[מחלקה],$A19),0) -> 0 | D19: =IFERROR(B19-C19,0) -> 0 | E19: =IFERROR(IF($A19="","",IF(D19=0,"✓",IF(D19>0,"⚠","↑"))),"") | F19: =IFERROR(SUMPRODUCT((T_Standards[מחלקה]=$A19)*(T_Standards[משמרת]="אמצע")*T_Standards[תקן]),0) -> 0 | G19: =IFERROR(COUNTIFS(T_Assign[תאריך],$B$3,T_Assign[משמרת],"אמצע",T_Assign[מחלקה],$A19),0) -> 0 | H19: =IFERROR(F19-G19,0) -> 0 | I19: =IFERROR(IF($A19="","",IF(H19=0,"✓",IF(H19>0,"⚠","↑"))),"") | J19: =IFERROR(SUMPRODUCT((T_Standards[מחלקה]=$A19)*(T_Standards[משמרת]="ערב")*T_Standards[תקן]),0) -> 0 | K19: =IFERROR(COUNTIFS(T_Assign[תאריך],$B$3,T_Assign[משמרת],"ערב",T_Assign[מחלקה],$A19),0) -> 0 | L19: =IFERROR(J19-K19,0) -> 0 | M19: =IFERROR(IF($A19="","",IF(L19=0,"✓",IF(L19>0,"⚠","↑"))),"") | N19: =IFERROR(SUM(B19,F19,J19),0) -> 0 | O19: =IFERROR(SUM(C19,G19,K19),0) -> 0 | P19: =IFERROR(N19-O19,0) -> 0 | Q19: =IFERROR(IF($A19="","",IF(P19=0,"✓ מאויש",IF(P19>0,"⚠ חוסר","↑ עודף"))),"")
A20: =IFERROR(INDEX(T_Depts[מחלקה],14),"") | B20: =IFERROR(SUMPRODUCT((T_Standards[מחלקה]=$A20)*(T_Standards[משמרת]="בוקר")*T_Standards[תקן]),0) -> 0 | C20: =IFERROR(COUNTIFS(T_Assign[תאריך],$B$3,T_Assign[משמרת],"בוקר",T_Assign[מחלקה],$A20),0) -> 0 | D20: =IFERROR(B20-C20,0) -> 0 | E20: =IFERROR(IF($A20="","",IF(D20=0,"✓",IF(D20>0,"⚠","↑"))),"") | F20: =IFERROR(SUMPRODUCT((T_Standards[מחלקה]=$A20)*(T_Standards[משמרת]="אמצע")*T_Standards[תקן]),0) -> 0 | G20: =IFERROR(COUNTIFS(T_Assign[תאריך],$B$3,T_Assign[משמרת],"אמצע",T_Assign[מחלקה],$A20),0) -> 0 | H20: =IFERROR(F20-G20,0) -> 0 | I20: =IFERROR(IF($A20="","",IF(H20=0,"✓",IF(H20>0,"⚠","↑"))),"") | J20: =IFERROR(SUMPRODUCT((T_Standards[מחלקה]=$A20)*(T_Standards[משמרת]="ערב")*T_Standards[תקן]),0) -> 0 | K20: =IFERROR(COUNTIFS(T_Assign[תאריך],$B$3,T_Assign[משמרת],"ערב",T_Assign[מחלקה],$A20),0) -> 0 | L20: =IFERROR(J20-K20,0) -> 0 | M20: =IFERROR(IF($A20="","",IF(L20=0,"✓",IF(L20>0,"⚠","↑"))),"") | N20: =IFERROR(SUM(B20,F20,J20),0) -> 0 | O20: =IFERROR(SUM(C20,G20,K20),0) -> 0 | P20: =IFERROR(N20-O20,0) -> 0 | Q20: =IFERROR(IF($A20="","",IF(P20=0,"✓ מאויש",IF(P20>0,"⚠ חוסר","↑ עודף"))),"")
A21: =IFERROR(INDEX(T_Depts[מחלקה],15),"") | B21: =IFERROR(SUMPRODUCT((T_Standards[מחלקה]=$A21)*(T_Standards[משמרת]="בוקר")*T_Standards[תקן]),0) -> 0 | C21: =IFERROR(COUNTIFS(T_Assign[תאריך],$B$3,T_Assign[משמרת],"בוקר",T_Assign[מחלקה],$A21),0) -> 0 | D21: =IFERROR(B21-C21,0) -> 0 | E21: =IFERROR(IF($A21="","",IF(D21=0,"✓",IF(D21>0,"⚠","↑"))),"") | F21: =IFERROR(SUMPRODUCT((T_Standards[מחלקה]=$A21)*(T_Standards[משמרת]="אמצע")*T_Standards[תקן]),0) -> 0 | G21: =IFERROR(COUNTIFS(T_Assign[תאריך],$B$3,T_Assign[משמרת],"אמצע",T_Assign[מחלקה],$A21),0) -> 0 | H21: =IFERROR(F21-G21,0) -> 0 | I21: =IFERROR(IF($A21="","",IF(H21=0,"✓",IF(H21>0,"⚠","↑"))),"") | J21: =IFERROR(SUMPRODUCT((T_Standards[מחלקה]=$A21)*(T_Standards[משמרת]="ערב")*T_Standards[תקן]),0) -> 0 | K21: =IFERROR(COUNTIFS(T_Assign[תאריך],$B$3,T_Assign[משמרת],"ערב",T_Assign[מחלקה],$A21),0) -> 0 | L21: =IFERROR(J21-K21,0) -> 0 | M21: =IFERROR(IF($A21="","",IF(L21=0,"✓",IF(L21>0,"⚠","↑"))),"") | N21: =IFERROR(SUM(B21,F21,J21),0) -> 0 | O21: =IFERROR(SUM(C21,G21,K21),0) -> 0 | P21: =IFERROR(N21-O21,0) -> 0 | Q21: =IFERROR(IF($A21="","",IF(P21=0,"✓ מאויש",IF(P21>0,"⚠ חוסר","↑ עודף"))),"")
A22: סה״כ | B22: =IFERROR(SUM(B7:B21),0) -> 0 | C22: =IFERROR(SUM(C7:C21),0) -> 0 | D22: =IFERROR(SUM(D7:D21),0) -> 0 | F22: =IFERROR(SUM(F7:F21),0) -> 0 | G22: =IFERROR(SUM(G7:G21),0) -> 0 | H22: =IFERROR(SUM(H7:H21),0) -> 0 | J22: =IFERROR(SUM(J7:J21),0) -> 0 | K22: =IFERROR(SUM(K7:K21),0) -> 0 | L22: =IFERROR(SUM(L7:L21),0) -> 0 | N22: =IFERROR(SUM(N7:N21),0) -> 0 | O22: =IFERROR(SUM(O7:O21),0) -> 0 | P22: =IFERROR(SUM(P7:P21),0) -> 0

Sheet לוח_שבועי_כללי
A1: 📆 לוח משמרות שבועי — כל המחלקות יחד
A3: שבוע: | B3: =הגדרות!$C$3 -> 46096 | C3: עד: | D3: =הגדרות!$C$3+6 -> 46102
A5: מחלקה | B5: א׳ | F5: ב׳ | J5: ג׳ | N5: ד׳ | R5: ה׳ | V5: ו׳ | Z5: ש׳ | AD5: סה״כ שבועי
B6: =הגדרות!$C$3+0 -> 46096 | F6: =הגדרות!$C$3+1 -> 46097 | J6: =הגדרות!$C$3+2 -> 46098 | N6: =הגדרות!$C$3+3 -> 46099 | R6: =הגדרות!$C$3+4 -> 46100 | V6: =הגדרות!$C$3+5 -> 46101 | Z6: =הגדרות!$C$3+6 -> 46102
B7: בוקר | C7: אמצע | D7: ערב | E7: סה״כ | F7: בוקר | G7: אמצע | H7: ערב | I7: סה״כ | J7: בוקר | K7: אמצע | L7: ערב | M7: סה״כ | N7: בוקר | O7: אמצע | P7: ערב | Q7: סה״כ | R7: בוקר | S7: אמצע | T7: ערב | U7: סה״כ | V7: בוקר | W7: אמצע | X7: ערב | Y7: סה״כ | Z7: בוקר | AA7: אמצע | AB7: ערב | AC7: סה״כ | AD7: שובצו | AE7: תקן | AF7: פער
A8: =IFERROR(INDEX(T_Depts[מחלקה],1),"") | B8: =IFERROR(COUNTIFS(T_Assign[תאריך],B6,T_Assign[משמרת],"בוקר",T_Assign[מחלקה],$A8),0) -> 0 | C8: =IFERROR(COUNTIFS(T_Assign[תאריך],B6,T_Assign[משמרת],"אמצע",T_Assign[מחלקה],$A8),0) -> 0 | D8: =IFERROR(COUNTIFS(T_Assign[תאריך],B6,T_Assign[משמרת],"ערב",T_Assign[מחלקה],$A8),0) -> 0 | E8: =IFERROR(SUM(B8:D8),0) -> 0 | F8: =IFERROR(COUNTIFS(T_Assign[תאריך],F6,T_Assign[משמרת],"בוקר",T_Assign[מחלקה],$A8),0) -> 0 | G8: =IFERROR(COUNTIFS(T_Assign[תאריך],F6,T_Assign[משמרת],"אמצע",T_Assign[מחלקה],$A8),0) -> 0 | H8: =IFERROR(COUNTIFS(T_Assign[תאריך],F6,T_Assign[משמרת],"ערב",T_Assign[מחלקה],$A8),0) -> 0 | I8: =IFERROR(SUM(F8:H8),0) -> 0 | J8: =IFERROR(COUNTIFS(T_Assign[תאריך],J6,T_Assign[משמרת],"בוקר",T_Assign[מחלקה],$A8),0) -> 0 | K8: =IFERROR(COUNTIFS(T_Assign[תאריך],J6,T_Assign[משמרת],"אמצע",T_Assign[מחלקה],$A8),0) -> 0 | L8: =IFERROR(COUNTIFS(T_Assign[תאריך],J6,T_Assign[משמרת],"ערב",T_Assign[מחלקה],$A8),0) -> 0 | M8: =IFERROR(SUM(J8:L8),0) -> 0 | N8: =IFERROR(COUNTIFS(T_Assign[תאריך],N6,T_Assign[משמרת],"בוקר",T_Assign[מחלקה],$A8),0) -> 0 | O8: =IFERROR(COUNTIFS(T_Assign[תאריך],N6,T_Assign[משמרת],"אמצע",T_Assign[מחלקה],$A8),0) -> 0 | P8: =IFERROR(COUNTIFS(T_Assign[תאריך],N6,T_Assign[משמרת],"ערב",T_Assign[מחלקה],$A8),0) -> 0 | Q8: =IFERROR(SUM(N8:P8),0) -> 0 | R8: =IFERROR(COUNTIFS(T_Assign[תאריך],R6,T_Assign[משמרת],"בוקר",T_Assign[מחלקה],$A8),0) -> 0 | S8: =IFERROR(COUNTIFS(T_Assign[תאריך],R6,T_Assign[משמרת],"אמצע",T_Assign[מחלקה],$A8),0) -> 0 | T8: =IFERROR(COUNTIFS(T_Assign[תאריך],R6,T_Assign[משמרת],"ערב",T_Assign[מחלקה],$A8),0) -> 0 | U8: =IFERROR(SUM(R8:T8),0) -> 0 | V8: =IFERROR(COUNTIFS(T_Assign[תאריך],V6,T_Assign[משמרת],"בוקר",T_Assign[מחלקה],$A8),0) -> 0 | W8: =IFERROR(COUNTIFS(T_Assign[תאריך],V6,T_Assign[משמרת],"אמצע",T_Assign[מחלקה],$A8),0) -> 0 | X8: =IFERROR(COUNTIFS(T_Assign[תאריך],V6,T_Assign[משמרת],"ערב",T_Assign[מחלקה],$A8),0) -> 0 | Y8: =IFERROR(SUM(V8:X8),0) -> 0 | Z8: =IFERROR(COUNTIFS(T_Assign[תאריך],Z6,T_Assign[משמרת],"בוקר",T_Assign[מחלקה],$A8),0) -> 0 | AA8: =IFERROR(COUNTIFS(T_Assign[תאריך],Z6,T_Assign[משמרת],"אמצע",T_Assign[מחלקה],$A8),0) -> 0 | AB8: =IFERROR(COUNTIFS(T_Assign[תאריך],Z6,T_Assign[משמרת],"ערב",T_Assign[מחלקה],$A8),0) -> 0 | AC8: =IFERROR(SUM(Z8:AB8),0) -> 0 | AD8: =IFERROR(E8+I8+M8+Q8+U8+Y8+AC8,0) -> 0 | AE8: =IFERROR(SUMPRODUCT((T_Standards[מחלקה]=$A8)*T_Standards[תקן])*7,0) -> 0 | AF8: =IFERROR(AE8-AD8,0) -> 0
A9: =IFERROR(INDEX(T_Depts[מחלקה],2),"") | B9: =IFERROR(COUNTIFS(T_Assign[תאריך],B6,T_Assign[משמרת],"בוקר",T_Assign[מחלקה],$A9),0) -> 0 | C9: =IFERROR(COUNTIFS(T_Assign[תאריך],B6,T_Assign[משמרת],"אמצע",T_Assign[מחלקה],$A9),0) -> 0 | D9: =IFERROR(COUNTIFS(T_Assign[תאריך],B6,T_Assign[משמרת],"ערב",T_Assign[מחלקה],$A9),0) -> 0 | E9: =IFERROR(SUM(B9:D9),0) -> 0 | F9: =IFERROR(COUNTIFS(T_Assign[תאריך],F6,T_Assign[משמרת],"בוקר",T_Assign[מחלקה],$A9),0) -> 0 | G9: =IFERROR(COUNTIFS(T_Assign[תאריך],F6,T_Assign[משמרת],"אמצע",T_Assign[מחלקה],$A9),0) -> 0 | H9: =IFERROR(COUNTIFS(T_Assign[תאריך],F6,T_Assign[משמרת],"ערב",T_Assign[מחלקה],$A9),0) -> 0 | I9: =IFERROR(SUM(F9:H9),0) -> 0 | J9: =IFERROR(COUNTIFS(T_Assign[תאריך],J6,T_Assign[משמרת],"בוקר",T_Assign[מחלקה],$A9),0) -> 0 | K9: =IFERROR(COUNTIFS(T_Assign[תאריך],J6,T_Assign[משמרת],"אמצע",T_Assign[מחלקה],$A9),0) -> 0 | L9: =IFERROR(COUNTIFS(T_Assign[תאריך],J6,T_Assign[משמרת],"ערב",T_Assign[מחלקה],$A9),0) -> 0 | M9: =IFERROR(SUM(J9:L9),0) -> 0 | N9: =IFERROR(COUNTIFS(T_Assign[תאריך],N6,T_Assign[משמרת],"בוקר",T_Assign[מחלקה],$A9),0) -> 0 | O9: =IFERROR(COUNTIFS(T_Assign[תאריך],N6,T_Assign[משמרת],"אמצע",T_Assign[מחלקה],$A9),0) -> 0 | P9: =IFERROR(COUNTIFS(T_Assign[תאריך],N6,T_Assign[משמרת],"ערב",T_Assign[מחלקה],$A9),0) -> 0 | Q9: =IFERROR(SUM(N9:P9),0) -> 0 | R9: =IFERROR(COUNTIFS(T_Assign[תאריך],R6,T_Assign[משמרת],"בוקר",T_Assign[מחלקה],$A9),0) -> 0 | S9: =IFERROR(COUNTIFS(T_Assign[תאריך],R6,T_Assign[משמרת],"אמצע",T_Assign[מחלקה],$A9),0) -> 0 | T9: =IFERROR(COUNTIFS(T_Assign[תאריך],R6,T_Assign[משמרת],"ערב",T_Assign[מחלקה],$A9),0) -> 0 | U9: =IFERROR(SUM(R9:T9),0) -> 0 | V9: =IFERROR(COUNTIFS(T_Assign[תאריך],V6,T_Assign[משמרת],"בוקר",T_Assign[מחלקה],$A9),0) -> 0 | W9: =IFERROR(COUNTIFS(T_Assign[תאריך],V6,T_Assign[משמרת],"אמצע",T_Assign[מחלקה],$A9),0) -> 0 | X9: =IFERROR(COUNTIFS(T_Assign[תאריך],V6,T_Assign[משמרת],"ערב",T_Assign[מחלקה],$A9),0) -> 0 | Y9: =IFERROR(SUM(V9:X9),0) -> 0 | Z9: =IFERROR(COUNTIFS(T_Assign[תאריך],Z6,T_Assign[משמרת],"בוקר",T_Assign[מחלקה],$A9),0) -> 0 | AA9: =IFERROR(COUNTIFS(T_Assign[תאריך],Z6,T_Assign[משמרת],"אמצע",T_Assign[מחלקה],$A9),0) -> 0 | AB9: =IFERROR(COUNTIFS(T_Assign[תאריך],Z6,T_Assign[משמרת],"ערב",T_Assign[מחלקה],$A9),0) -> 0 | AC9: =IFERROR(SUM(Z9:AB9),0) -> 0 | AD9: =IFERROR(E9+I9+M9+Q9+U9+Y9+AC9,0) -> 0 | AE9: =IFERROR(SUMPRODUCT((T_Standards[מחלקה]=$A9)*T_Standards[תקן])*7,0) -> 0 | AF9: =IFERROR(AE9-AD9,0) -> 0
A10: =IFERROR(INDEX(T_Depts[מחלקה],3),"") | B10: =IFERROR(COUNTIFS(T_Assign[תאריך],B6,T_Assign[משמרת],"בוקר",T_Assign[מחלקה],$A10),0) -> 0 | C10: =IFERROR(COUNTIFS(T_Assign[תאריך],B6,T_Assign[משמרת],"אמצע",T_Assign[מחלקה],$A10),0) -> 0 | D10: =IFERROR(COUNTIFS(T_Assign[תאריך],B6,T_Assign[משמרת],"ערב",T_Assign[מחלקה],$A10),0) -> 0 | E10: =IFERROR(SUM(B10:D10),0) -> 0 | F10: =IFERROR(COUNTIFS(T_Assign[תאריך],F6,T_Assign[משמרת],"בוקר",T_Assign[מחלקה],$A10),0) -> 0 | G10: =IFERROR(COUNTIFS(T_Assign[תאריך],F6,T_Assign[משמרת],"אמצע",T_Assign[מחלקה],$A10),0) -> 0 | H10: =IFERROR(COUNTIFS(T_Assign[תאריך],F6,T_Assign[משמרת],"ערב",T_Assign[מחלקה],$A10),0) -> 0 | I10: =IFERROR(SUM(F10:H10),0) -> 0 | J10: =IFERROR(COUNTIFS(T_Assign[תאריך],J6,T_Assign[משמרת],"בוקר",T_Assign[מחלקה],$A10),0) -> 0 | K10: =IFERROR(COUNTIFS(T_Assign[תאריך],J6,T_Assign[משמרת],"אמצע",T_Assign[מחלקה],$A10),0) -> 0 | L10: =IFERROR(COUNTIFS(T_Assign[תאריך],J6,T_Assign[משמרת],"ערב",T_Assign[מחלקה],$A10),0) -> 0 | M10: =IFERROR(SUM(J10:L10),0) -> 0 | N10: =IFERROR(COUNTIFS(T_Assign[תאריך],N6,T_Assign[משמרת],"בוקר",T_Assign[מחלקה],$A10),0) -> 0 | O10: =IFERROR(COUNTIFS(T_Assign[תאריך],N6,T_Assign[משמרת],"אמצע",T_Assign[מחלקה],$A10),0) -> 0 | P10: =IFERROR(COUNTIFS(T_Assign[תאריך],N6,T_Assign[משמרת],"ערב",T_Assign[מחלקה],$A10),0) -> 0 | Q10: =IFERROR(SUM(N10:P10),0) -> 0 | R10: =IFERROR(COUNTIFS(T_Assign[תאריך],R6,T_Assign[משמרת],"בוקר",T_Assign[מחלקה],$A10),0) -> 0 | S10: =IFERROR(COUNTIFS(T_Assign[תאריך],R6,T_Assign[משמרת],"אמצע",T_Assign[מחלקה],$A10),0) -> 0 | T10: =IFERROR(COUNTIFS(T_Assign[תאריך],R6,T_Assign[משמרת],"ערב",T_Assign[מחלקה],$A10),0) -> 0 | U10: =IFERROR(SUM(R10:T10),0) -> 0 | V10: =IFERROR(COUNTIFS(T_Assign[תאריך],V6,T_Assign[משמרת],"בוקר",T_Assign[מחלקה],$A10),0) -> 0 | W10: =IFERROR(COUNTIFS(T_Assign[תאריך],V6,T_Assign[משמרת],"אמצע",T_Assign[מחלקה],$A10),0) -> 0 | X10: =IFERROR(COUNTIFS(T_Assign[תאריך],V6,T_Assign[משמרת],"ערב",T_Assign[מחלקה],$A10),0) -> 0 | Y10: =IFERROR(SUM(V10:X10),0) -> 0 | Z10: =IFERROR(COUNTIFS(T_Assign[תאריך],Z6,T_Assign[משמרת],"בוקר",T_Assign[מחלקה],$A10),0) -> 0 | AA10: =IFERROR(COUNTIFS(T_Assign[תאריך],Z6,T_Assign[משמרת],"אמצע",T_Assign[מחלקה],$A10),0) -> 0 | AB10: =IFERROR(COUNTIFS(T_Assign[תאריך],Z6,T_Assign[משמרת],"ערב",T_Assign[מחלקה],$A10),0) -> 0 | AC10: =IFERROR(SUM(Z10:AB10),0) -> 0 | AD10: =IFERROR(E10+I10+M10+Q10+U10+Y10+AC10,0) -> 0 | AE10: =IFERROR(SUMPRODUCT((T_Standards[מחלקה]=$A10)*T_Standards[תקן])*7,0) -> 0 | AF10: =IFERROR(AE10-AD10,0) -> 0
A11: =IFERROR(INDEX(T_Depts[מחלקה],4),"") | B11: =IFERROR(COUNTIFS(T_Assign[תאריך],B6,T_Assign[משמרת],"בוקר",T_Assign[מחלקה],$A11),0) -> 0 | C11: =IFERROR(COUNTIFS(T_Assign[תאריך],B6,T_Assign[משמרת],"אמצע",T_Assign[מחלקה],$A11),0) -> 0 | D11: =IFERROR(COUNTIFS(T_Assign[תאריך],B6,T_Assign[משמרת],"ערב",T_Assign[מחלקה],$A11),0) -> 0 | E11: =IFERROR(SUM(B11:D11),0) -> 0 | F11: =IFERROR(COUNTIFS(T_Assign[תאריך],F6,T_Assign[משמרת],"בוקר",T_Assign[מחלקה],$A11),0) -> 0 | G11: =IFERROR(COUNTIFS(T_Assign[תאריך],F6,T_Assign[משמרת],"אמצע",T_Assign[מחלקה],$A11),0) -> 0 | H11: =IFERROR(COUNTIFS(T_Assign[תאריך],F6,T_Assign[משמרת],"ערב",T_Assign[מחלקה],$A11),0) -> 0 | I11: =IFERROR(SUM(F11:H11),0) -> 0 | J11: =IFERROR(COUNTIFS(T_Assign[תאריך],J6,T_Assign[משמרת],"בוקר",T_Assign[מחלקה],$A11),0) -> 0 | K11: =IFERROR(COUNTIFS(T_Assign[תאריך],J6,T_Assign[משמרת],"אמצע",T_Assign[מחלקה],$A11),0) -> 0 | L11: =IFERROR(COUNTIFS(T_Assign[תאריך],J6,T_Assign[משמרת],"ערב",T_Assign[מחלקה],$A11),0) -> 0 | M11: =IFERROR(SUM(J11:L11),0) -> 0 | N11: =IFERROR(COUNTIFS(T_Assign[תאריך],N6,T_Assign[משמרת],"בוקר",T_Assign[מחלקה],$A11),0) -> 0 | O11: =IFERROR(COUNTIFS(T_Assign[תאריך],N6,T_Assign[משמרת],"אמצע",T_Assign[מחלקה],$A11),0) -> 0 | P11: =IFERROR(COUNTIFS(T_Assign[תאריך],N6,T_Assign[משמרת],"ערב",T_Assign[מחלקה],$A11),0) -> 0 | Q11: =IFERROR(SUM(N11:P11),0) -> 0 | R11: =IFERROR(COUNTIFS(T_Assign[תאריך],R6,T_Assign[משמרת],"בוקר",T_Assign[מחלקה],$A11),0) -> 0 | S11: =IFERROR(COUNTIFS(T_Assign[תאריך],R6,T_Assign[משמרת],"אמצע",T_Assign[מחלקה],$A11),0) -> 0 | T11: =IFERROR(COUNTIFS(T_Assign[תאריך],R6,T_Assign[משמרת],"ערב",T_Assign[מחלקה],$A11),0) -> 0 | U11: =IFERROR(SUM(R11:T11),0) -> 0 | V11: =IFERROR(COUNTIFS(T_Assign[תאריך],V6,T_Assign[משמרת],"בוקר",T_Assign[מחלקה],$A11),0) -> 0 | W11: =IFERROR(COUNTIFS(T_Assign[תאריך],V6,T_Assign[משמרת],"אמצע",T_Assign[מחלקה],$A11),0) -> 0 | X11: =IFERROR(COUNTIFS(T_Assign[תאריך],V6,T_Assign[משמרת],"ערב",T_Assign[מחלקה],$A11),0) -> 0 | Y11: =IFERROR(SUM(V11:X11),0) -> 0 | Z11: =IFERROR(COUNTIFS(T_Assign[תאריך],Z6,T_Assign[משמרת],"בוקר",T_Assign[מחלקה],$A11),0) -> 0 | AA11: =IFERROR(COUNTIFS(T_Assign[תאריך],Z6,T_Assign[משמרת],"אמצע",T_Assign[מחלקה],$A11),0) -> 0 | AB11: =IFERROR(COUNTIFS(T_Assign[תאריך],Z6,T_Assign[משמרת],"ערב",T_Assign[מחלקה],$A11),0) -> 0 | AC11: =IFERROR(SUM(Z11:AB11),0) -> 0 | AD11: =IFERROR(E11+I11+M11+Q11+U11+Y11+AC11,0) -> 0 | AE11: =IFERROR(SUMPRODUCT((T_Standards[מחלקה]=$A11)*T_Standards[תקן])*7,0) -> 0 | AF11: =IFERROR(AE11-AD11,0) -> 0
A12: =IFERROR(INDEX(T_Depts[מחלקה],5),"") | B12: =IFERROR(COUNTIFS(T_Assign[תאריך],B6,T_Assign[משמרת],"בוקר",T_Assign[מחלקה],$A12),0) -> 0 | C12: =IFERROR(COUNTIFS(T_Assign[תאריך],B6,T_Assign[משמרת],"אמצע",T_Assign[מחלקה],$A12),0) -> 0 | D12: =IFERROR(COUNTIFS(T_Assign[תאריך],B6,T_Assign[משמרת],"ערב",T_Assign[מחלקה],$A12),0) -> 0 | E12: =IFERROR(SUM(B12:D12),0) -> 0 | F12: =IFERROR(COUNTIFS(T_Assign[תאריך],F6,T_Assign[משמרת],"בוקר",T_Assign[מחלקה],$A12),0) -> 0 | G12: =IFERROR(COUNTIFS(T_Assign[תאריך],F6,T_Assign[משמרת],"אמצע",T_Assign[מחלקה],$A12),0) -> 0 | H12: =IFERROR(COUNTIFS(T_Assign[תאריך],F6,T_Assign[משמרת],"ערב",T_Assign[מחלקה],$A12),0) -> 0 | I12: =IFERROR(SUM(F12:H12),0) -> 0 | J12: =IFERROR(COUNTIFS(T_Assign[תאריך],J6,T_Assign[משמרת],"בוקר",T_Assign[מחלקה],$A12),0) -> 0 | K12: =IFERROR(COUNTIFS(T_Assign[תאריך],J6,T_Assign[משמרת],"אמצע",T_Assign[מחלקה],$A12),0) -> 0 | L12: =IFERROR(COUNTIFS(T_Assign[תאריך],J6,T_Assign[משמרת],"ערב",T_Assign[מחלקה],$A12),0) -> 0 | M12: =IFERROR(SUM(J12:L12),0) -> 0 | N12: =IFERROR(COUNTIFS(T_Assign[תאריך],N6,T_Assign[משמרת],"בוקר",T_Assign[מחלקה],$A12),0) -> 0 | O12: =IFERROR(COUNTIFS(T_Assign[תאריך],N6,T_Assign[משמרת],"אמצע",T_Assign[מחלקה],$A12),0) -> 0 | P12: =IFERROR(COUNTIFS(T_Assign[תאריך],N6,T_Assign[משמרת],"ערב",T_Assign[מחלקה],$A12),0) -> 0 | Q12: =IFERROR(SUM(N12:P12),0) -> 0 | R12: =IFERROR(COUNTIFS(T_Assign[תאריך],R6,T_Assign[משמרת],"בוקר",T_Assign[מחלקה],$A12),0) -> 0 | S12: =IFERROR(COUNTIFS(T_Assign[תאריך],R6,T_Assign[משמרת],"אמצע",T_Assign[מחלקה],$A12),0) -> 0 | T12: =IFERROR(COUNTIFS(T_Assign[תאריך],R6,T_Assign[משמרת],"ערב",T_Assign[מחלקה],$A12),0) -> 0 | U12: =IFERROR(SUM(R12:T12),0) -> 0 | V12: =IFERROR(COUNTIFS(T_Assign[תאריך],V6,T_Assign[משמרת],"בוקר",T_Assign[מחלקה],$A12),0) -> 0 | W12: =IFERROR(COUNTIFS(T_Assign[תאריך],V6,T_Assign[משמרת],"אמצע",T_Assign[מחלקה],$A12),0) -> 0 | X12: =IFERROR(COUNTIFS(T_Assign[תאריך],V6,T_Assign[משמרת],"ערב",T_Assign[מחלקה],$A12),0) -> 0 | Y12: =IFERROR(SUM(V12:X12),0) -> 0 | Z12: =IFERROR(COUNTIFS(T_Assign[תאריך],Z6,T_Assign[משמרת],"בוקר",T_Assign[מחלקה],$A12),0) -> 0 | AA12: =IFERROR(COUNTIFS(T_Assign[תאריך],Z6,T_Assign[משמרת],"אמצע",T_Assign[מחלקה],$A12),0) -> 0 | AB12: =IFERROR(COUNTIFS(T_Assign[תאריך],Z6,T_Assign[משמרת],"ערב",T_Assign[מחלקה],$A12),0) -> 0 | AC12: =IFERROR(SUM(Z12:AB12),0) -> 0 | AD12: =IFERROR(E12+I12+M12+Q12+U12+Y12+AC12,0) -> 0 | AE12: =IFERROR(SUMPRODUCT((T_Standards[מחלקה]=$A12)*T_Standards[תקן])*7,0) -> 0 | AF12: =IFERROR(AE12-AD12,0) -> 0
A13: =IFERROR(INDEX(T_Depts[מחלקה],6),"") | B13: =IFERROR(COUNTIFS(T_Assign[תאריך],B6,T_Assign[משמרת],"בוקר",T_Assign[מחלקה],$A13),0) -> 0 | C13: =IFERROR(COUNTIFS(T_Assign[תאריך],B6,T_Assign[משמרת],"אמצע",T_Assign[מחלקה],$A13),0) -> 0 | D13: =IFERROR(COUNTIFS(T_Assign[תאריך],B6,T_Assign[משמרת],"ערב",T_Assign[מחלקה],$A13),0) -> 0 | E13: =IFERROR(SUM(B13:D13),0) -> 0 | F13: =IFERROR(COUNTIFS(T_Assign[תאריך],F6,T_Assign[משמרת],"בוקר",T_Assign[מחלקה],$A13),0) -> 0 | G13: =IFERROR(COUNTIFS(T_Assign[תאריך],F6,T_Assign[משמרת],"אמצע",T_Assign[מחלקה],$A13),0) -> 0 | H13: =IFERROR(COUNTIFS(T_Assign[תאריך],F6,T_Assign[משמרת],"ערב",T_Assign[מחלקה],$A13),0) -> 0 | I13: =IFERROR(SUM(F13:H13),0) -> 0 | J13: =IFERROR(COUNTIFS(T_Assign[תאריך],J6,T_Assign[משמרת],"בוקר",T_Assign[מחלקה],$A13),0) -> 0 | K13: =IFERROR(COUNTIFS(T_Assign[תאריך],J6,T_Assign[משמרת],"אמצע",T_Assign[מחלקה],$A13),0) -> 0 | L13: =IFERROR(COUNTIFS(T_Assign[תאריך],J6,T_Assign[משמרת],"ערב",T_Assign[מחלקה],$A13),0) -> 0 | M13: =IFERROR(SUM(J13:L13),0) -> 0 | N13: =IFERROR(COUNTIFS(T_Assign[תאריך],N6,T_Assign[משמרת],"בוקר",T_Assign[מחלקה],$A13),0) -> 0 | O13: =IFERROR(COUNTIFS(T_Assign[תאריך],N6,T_Assign[משמרת],"אמצע",T_Assign[מחלקה],$A13),0) -> 0 | P13: =IFERROR(COUNTIFS(T_Assign[תאריך],N6,T_Assign[משמרת],"ערב",T_Assign[מחלקה],$A13),0) -> 0 | Q13: =IFERROR(SUM(N13:P13),0) -> 0 | R13: =IFERROR(COUNTIFS(T_Assign[תאריך],R6,T_Assign[משמרת],"בוקר",T_Assign[מחלקה],$A13),0) -> 0 | S13: =IFERROR(COUNTIFS(T_Assign[תאריך],R6,T_Assign[משמרת],"אמצע",T_Assign[מחלקה],$A13),0) -> 0 | T13: =IFERROR(COUNTIFS(T_Assign[תאריך],R6,T_Assign[משמרת],"ערב",T_Assign[מחלקה],$A13),0) -> 0 | U13: =IFERROR(SUM(R13:T13),0) -> 0 | V13: =IFERROR(COUNTIFS(T_Assign[תאריך],V6,T_Assign[משמרת],"בוקר",T_Assign[מחלקה],$A13),0) -> 0 | W13: =IFERROR(COUNTIFS(T_Assign[תאריך],V6,T_Assign[משמרת],"אמצע",T_Assign[מחלקה],$A13),0) -> 0 | X13: =IFERROR(COUNTIFS(T_Assign[תאריך],V6,T_Assign[משמרת],"ערב",T_Assign[מחלקה],$A13),0) -> 0 | Y13: =IFERROR(SUM(V13:X13),0) -> 0 | Z13: =IFERROR(COUNTIFS(T_Assign[תאריך],Z6,T_Assign[משמרת],"בוקר",T_Assign[מחלקה],$A13),0) -> 0 | AA13: =IFERROR(COUNTIFS(T_Assign[תאריך],Z6,T_Assign[משמרת],"אמצע",T_Assign[מחלקה],$A13),0) -> 0 | AB13: =IFERROR(COUNTIFS(T_Assign[תאריך],Z6,T_Assign[משמרת],"ערב",T_Assign[מחלקה],$A13),0) -> 0 | AC13: =IFERROR(SUM(Z13:AB13),0) -> 0 | AD13: =IFERROR(E13+I13+M13+Q13+U13+Y13+AC13,0) -> 0 | AE13: =IFERROR(SUMPRODUCT((T_Standards[מחלקה]=$A13)*T_Standards[תקן])*7,0) -> 0 | AF13: =IFERROR(AE13-AD13,0) -> 0
A14: =IFERROR(INDEX(T_Depts[מחלקה],7),"") | B14: =IFERROR(COUNTIFS(T_Assign[תאריך],B6,T_Assign[משמרת],"בוקר",T_Assign[מחלקה],$A14),0) -> 0 | C14: =IFERROR(COUNTIFS(T_Assign[תאריך],B6,T_Assign[משמרת],"אמצע",T_Assign[מחלקה],$A14),0) -> 0 | D14: =IFERROR(COUNTIFS(T_Assign[תאריך],B6,T_Assign[משמרת],"ערב",T_Assign[מחלקה],$A14),0) -> 0 | E14: =IFERROR(SUM(B14:D14),0) -> 0 | F14: =IFERROR(COUNTIFS(T_Assign[תאריך],F6,T_Assign[משמרת],"בוקר",T_Assign[מחלקה],$A14),0) -> 0 | G14: =IFERROR(COUNTIFS(T_Assign[תאריך],F6,T_Assign[משמרת],"אמצע",T_Assign[מחלקה],$A14),0) -> 0 | H14: =IFERROR(COUNTIFS(T_Assign[תאריך],F6,T_Assign[משמרת],"ערב",T_Assign[מחלקה],$A14),0) -> 0 | I14: =IFERROR(SUM(F14:H14),0) -> 0 | J14: =IFERROR(COUNTIFS(T_Assign[תאריך],J6,T_Assign[משמרת],"בוקר",T_Assign[מחלקה],$A14),0) -> 0 | K14: =IFERROR(COUNTIFS(T_Assign[תאריך],J6,T_Assign[משמרת],"אמצע",T_Assign[מחלקה],$A14),0) -> 0 | L14: =IFERROR(COUNTIFS(T_Assign[תאריך],J6,T_Assign[משמרת],"ערב",T_Assign[מחלקה],$A14),0) -> 0 | M14: =IFERROR(SUM(J14:L14),0) -> 0 | N14: =IFERROR(COUNTIFS(T_Assign[תאריך],N6,T_Assign[משמרת],"בוקר",T_Assign[מחלקה],$A14),0) -> 0 | O14: =IFERROR(COUNTIFS(T_Assign[תאריך],N6,T_Assign[משמרת],"אמצע",T_Assign[מחלקה],$A14),0) -> 0 | P14: =IFERROR(COUNTIFS(T_Assign[תאריך],N6,T_Assign[משמרת],"ערב",T_Assign[מחלקה],$A14),0) -> 0 | Q14: =IFERROR(SUM(N14:P14),0) -> 0 | R14: =IFERROR(COUNTIFS(T_Assign[תאריך],R6,T_Assign[משמרת],"בוקר",T_Assign[מחלקה],$A14),0) -> 0 | S14: =IFERROR(COUNTIFS(T_Assign[תאריך],R6,T_Assign[משמרת],"אמצע",T_Assign[מחלקה],$A14),0) -> 0 | T14: =IFERROR(COUNTIFS(T_Assign[תאריך],R6,T_Assign[משמרת],"ערב",T_Assign[מחלקה],$A14),0) -> 0 | U14: =IFERROR(SUM(R14:T14),0) -> 0 | V14: =IFERROR(COUNTIFS(T_Assign[תאריך],V6,T_Assign[משמרת],"בוקר",T_Assign[מחלקה],$A14),0) -> 0 | W14: =IFERROR(COUNTIFS(T_Assign[תאריך],V6,T_Assign[משמרת],"אמצע",T_Assign[מחלקה],$A14),0) -> 0 | X14: =IFERROR(COUNTIFS(T_Assign[תאריך],V6,T_Assign[משמרת],"ערב",T_Assign[מחלקה],$A14),0) -> 0 | Y14: =IFERROR(SUM(V14:X14),0) -> 0 | Z14: =IFERROR(COUNTIFS(T_Assign[תאריך],Z6,T_Assign[משמרת],"בוקר",T_Assign[מחלקה],$A14),0) -> 0 | AA14: =IFERROR(COUNTIFS(T_Assign[תאריך],Z6,T_Assign[משמרת],"אמצע",T_Assign[מחלקה],$A14),0) -> 0 | AB14: =IFERROR(COUNTIFS(T_Assign[תאריך],Z6,T_Assign[משמרת],"ערב",T_Assign[מחלקה],$A14),0) -> 0 | AC14: =IFERROR(SUM(Z14:AB14),0) -> 0 | AD14: =IFERROR(E14+I14+M14+Q14+U14+Y14+AC14,0) -> 0 | AE14: =IFERROR(SUMPRODUCT((T_Standards[מחלקה]=$A14)*T_Standards[תקן])*7,0) -> 0 | AF14: =IFERROR(AE14-AD14,0) -> 0
A15: =IFERROR(INDEX(T_Depts[מחלקה],8),"") | B15: =IFERROR(COUNTIFS(T_Assign[תאריך],B6,T_Assign[משמרת],"בוקר",T_Assign[מחלקה],$A15),0) -> 0 | C15: =IFERROR(COUNTIFS(T_Assign[תאריך],B6,T_Assign[משמרת],"אמצע",T_Assign[מחלקה],$A15),0) -> 0 | D15: =IFERROR(COUNTIFS(T_Assign[תאריך],B6,T_Assign[משמרת],"ערב",T_Assign[מחלקה],$A15),0) -> 0 | E15: =IFERROR(SUM(B15:D15),0) -> 0 | F15: =IFERROR(COUNTIFS(T_Assign[תאריך],F6,T_Assign[משמרת],"בוקר",T_Assign[מחלקה],$A15),0) -> 0 | G15: =IFERROR(COUNTIFS(T_Assign[תאריך],F6,T_Assign[משמרת],"אמצע",T_Assign[מחלקה],$A15),0) -> 0 | H15: =IFERROR(COUNTIFS(T_Assign[תאריך],F6,T_Assign[משמרת],"ערב",T_Assign[מחלקה],$A15),0) -> 0 | I15: =IFERROR(SUM(F15:H15),0) -> 0 | J15: =IFERROR(COUNTIFS(T_Assign[תאריך],J6,T_Assign[משמרת],"בוקר",T_Assign[מחלקה],$A15),0) -> 0 | K15: =IFERROR(COUNTIFS(T_Assign[תאריך],J6,T_Assign[משמרת],"אמצע",T_Assign[מחלקה],$A15),0) -> 0 | L15: =IFERROR(COUNTIFS(T_Assign[תאריך],J6,T_Assign[משמרת],"ערב",T_Assign[מחלקה],$A15),0) -> 0 | M15: =IFERROR(SUM(J15:L15),0) -> 0 | N15: =IFERROR(COUNTIFS(T_Assign[תאריך],N6,T_Assign[משמרת],"בוקר",T_Assign[מחלקה],$A15),0) -> 0 | O15: =IFERROR(COUNTIFS(T_Assign[תאריך],N6,T_Assign[משמרת],"אמצע",T_Assign[מחלקה],$A15),0) -> 0 | P15: =IFERROR(COUNTIFS(T_Assign[תאריך],N6,T_Assign[משמרת],"ערב",T_Assign[מחלקה],$A15),0) -> 0 | Q15: =IFERROR(SUM(N15:P15),0) -> 0 | R15: =IFERROR(COUNTIFS(T_Assign[תאריך],R6,T_Assign[משמרת],"בוקר",T_Assign[מחלקה],$A15),0) -> 0 | S15: =IFERROR(COUNTIFS(T_Assign[תאריך],R6,T_Assign[משמרת],"אמצע",T_Assign[מחלקה],$A15),0) -> 0 | T15: =IFERROR(COUNTIFS(T_Assign[תאריך],R6,T_Assign[משמרת],"ערב",T_Assign[מחלקה],$A15),0) -> 0 | U15: =IFERROR(SUM(R15:T15),0) -> 0 | V15: =IFERROR(COUNTIFS(T_Assign[תאריך],V6,T_Assign[משמרת],"בוקר",T_Assign[מחלקה],$A15),0) -> 0 | W15: =IFERROR(COUNTIFS(T_Assign[תאריך],V6,T_Assign[משמרת],"אמצע",T_Assign[מחלקה],$A15),0) -> 0 | X15: =IFERROR(COUNTIFS(T_Assign[תאריך],V6,T_Assign[משמרת],"ערב",T_Assign[מחלקה],$A15),0) -> 0 | Y15: =IFERROR(SUM(V15:X15),0) -> 0 | Z15: =IFERROR(COUNTIFS(T_Assign[תאריך],Z6,T_Assign[משמרת],"בוקר",T_Assign[מחלקה],$A15),0) -> 0 | AA15: =IFERROR(COUNTIFS(T_Assign[תאריך],Z6,T_Assign[משמרת],"אמצע",T_Assign[מחלקה],$A15),0) -> 0 | AB15: =IFERROR(COUNTIFS(T_Assign[תאריך],Z6,T_Assign[משמרת],"ערב",T_Assign[מחלקה],$A15),0) -> 0 | AC15: =IFERROR(SUM(Z15:AB15),0) -> 0 | AD15: =IFERROR(E15+I15+M15+Q15+U15+Y15+AC15,0) -> 0 | AE15: =IFERROR(SUMPRODUCT((T_Standards[מחלקה]=$A15)*T_Standards[תקן])*7,0) -> 0 | AF15: =IFERROR(AE15-AD15,0) -> 0
A16: =IFERROR(INDEX(T_Depts[מחלקה],9),"") | B16: =IFERROR(COUNTIFS(T_Assign[תאריך],B6,T_Assign[משמרת],"בוקר",T_Assign[מחלקה],$A16),0) -> 0 | C16: =IFERROR(COUNTIFS(T_Assign[תאריך],B6,T_Assign[משמרת],"אמצע",T_Assign[מחלקה],$A16),0) -> 0 | D16: =IFERROR(COUNTIFS(T_Assign[תאריך],B6,T_Assign[משמרת],"ערב",T_Assign[מחלקה],$A16),0) -> 0 | E16: =IFERROR(SUM(B16:D16),0) -> 0 | F16: =IFERROR(COUNTIFS(T_Assign[תאריך],F6,T_Assign[משמרת],"בוקר",T_Assign[מחלקה],$A16),0) -> 0 | G16: =IFERROR(COUNTIFS(T_Assign[תאריך],F6,T_Assign[משמרת],"אמצע",T_Assign[מחלקה],$A16),0) -> 0 | H16: =IFERROR(COUNTIFS(T_Assign[תאריך],F6,T_Assign[משמרת],"ערב",T_Assign[מחלקה],$A16),0) -> 0 | I16: =IFERROR(SUM(F16:H16),0) -> 0 | J16: =IFERROR(COUNTIFS(T_Assign[תאריך],J6,T_Assign[משמרת],"בוקר",T_Assign[מחלקה],$A16),0) -> 0 | K16: =IFERROR(COUNTIFS(T_Assign[תאריך],J6,T_Assign[משמרת],"אמצע",T_Assign[מחלקה],$A16),0) -> 0 | L16: =IFERROR(COUNTIFS(T_Assign[תאריך],J6,T_Assign[משמרת],"ערב",T_Assign[מחלקה],$A16),0) -> 0 | M16: =IFERROR(SUM(J16:L16),0) -> 0 | N16: =IFERROR(COUNTIFS(T_Assign[תאריך],N6,T_Assign[משמרת],"בוקר",T_Assign[מחלקה],$A16),0) -> 0 | O16: =IFERROR(COUNTIFS(T_Assign[תאריך],N6,T_Assign[משמרת],"אמצע",T_Assign[מחלקה],$A16),0) -> 0 | P16: =IFERROR(COUNTIFS(T_Assign[תאריך],N6,T_Assign[משמרת],"ערב",T_Assign[מחלקה],$A16),0) -> 0 | Q16: =IFERROR(SUM(N16:P16),0) -> 0 | R16: =IFERROR(COUNTIFS(T_Assign[תאריך],R6,T_Assign[משמרת],"בוקר",T_Assign[מחלקה],$A16),0) -> 0 | S16: =IFERROR(COUNTIFS(T_Assign[תאריך],R6,T_Assign[משמרת],"אמצע",T_Assign[מחלקה],$A16),0) -> 0 | T16: =IFERROR(COUNTIFS(T_Assign[תאריך],R6,T_Assign[משמרת],"ערב",T_Assign[מחלקה],$A16),0) -> 0 | U16: =IFERROR(SUM(R16:T16),0) -> 0 | V16: =IFERROR(COUNTIFS(T_Assign[תאריך],V6,T_Assign[משמרת],"בוקר",T_Assign[מחלקה],$A16),0) -> 0 | W16: =IFERROR(COUNTIFS(T_Assign[תאריך],V6,T_Assign[משמרת],"אמצע",T_Assign[מחלקה],$A16),0) -> 0 | X16: =IFERROR(COUNTIFS(T_Assign[תאריך],V6,T_Assign[משמרת],"ערב",T_Assign[מחלקה],$A16),0) -> 0 | Y16: =IFERROR(SUM(V16:X16),0) -> 0 | Z16: =IFERROR(COUNTIFS(T_Assign[תאריך],Z6,T_Assign[משמרת],"בוקר",T_Assign[מחלקה],$A16),0) -> 0 | AA16: =IFERROR(COUNTIFS(T_Assign[תאריך],Z6,T_Assign[משמרת],"אמצע",T_Assign[מחלקה],$A16),0) -> 0 | AB16: =IFERROR(COUNTIFS(T_Assign[תאריך],Z6,T_Assign[משמרת],"ערב",T_Assign[מחלקה],$A16),0) -> 0 | AC16: =IFERROR(SUM(Z16:AB16),0) -> 0 | AD16: =IFERROR(E16+I16+M16+Q16+U16+Y16+AC16,0) -> 0 | AE16: =IFERROR(SUMPRODUCT((T_Standards[מחלקה]=$A16)*T_Standards[תקן])*7,0) -> 0 | AF16: =IFERROR(AE16-AD16,0) -> 0
A17: =IFERROR(INDEX(T_Depts[מחלקה],10),"") | B17: =IFERROR(COUNTIFS(T_Assign[תאריך],B6,T_Assign[משמרת],"בוקר",T_Assign[מחלקה],$A17),0) -> 0 | C17: =IFERROR(COUNTIFS(T_Assign[תאריך],B6,T_Assign[משמרת],"אמצע",T_Assign[מחלקה],$A17),0) -> 0 | D17: =IFERROR(COUNTIFS(T_Assign[תאריך],B6,T_Assign[משמרת],"ערב",T_Assign[מחלקה],$A17),0) -> 0 | E17: =IFERROR(SUM(B17:D17),0) -> 0 | F17: =IFERROR(COUNTIFS(T_Assign[תאריך],F6,T_Assign[משמרת],"בוקר",T_Assign[מחלקה],$A17),0) -> 0 | G17: =IFERROR(COUNTIFS(T_Assign[תאריך],F6,T_Assign[משמרת],"אמצע",T_Assign[מחלקה],$A17),0) -> 0 | H17: =IFERROR(COUNTIFS(T_Assign[תאריך],F6,T_Assign[משמרת],"ערב",T_Assign[מחלקה],$A17),0) -> 0 | I17: =IFERROR(SUM(F17:H17),0) -> 0 | J17: =IFERROR(COUNTIFS(T_Assign[תאריך],J6,T_Assign[משמרת],"בוקר",T_Assign[מחלקה],$A17),0) -> 0 | K17: =IFERROR(COUNTIFS(T_Assign[תאריך],J6,T_Assign[משמרת],"אמצע",T_Assign[מחלקה],$A17),0) -> 0 | L17: =IFERROR(COUNTIFS(T_Assign[תאריך],J6,T_Assign[משמרת],"ערב",T_Assign[מחלקה],$A17),0) -> 0 | M17: =IFERROR(SUM(J17:L17),0) -> 0 | N17: =IFERROR(COUNTIFS(T_Assign[תאריך],N6,T_Assign[משמרת],"בוקר",T_Assign[מחלקה],$A17),0) -> 0 | O17: =IFERROR(COUNTIFS(T_Assign[תאריך],N6,T_Assign[משמרת],"אמצע",T_Assign[מחלקה],$A17),0) -> 0 | P17: =IFERROR(COUNTIFS(T_Assign[תאריך],N6,T_Assign[משמרת],"ערב",T_Assign[מחלקה],$A17),0) -> 0 | Q17: =IFERROR(SUM(N17:P17),0) -> 0 | R17: =IFERROR(COUNTIFS(T_Assign[תאריך],R6,T_Assign[משמרת],"בוקר",T_Assign[מחלקה],$A17),0) -> 0 | S17: =IFERROR(COUNTIFS(T_Assign[תאריך],R6,T_Assign[משמרת],"אמצע",T_Assign[מחלקה],$A17),0) -> 0 | T17: =IFERROR(COUNTIFS(T_Assign[תאריך],R6,T_Assign[משמרת],"ערב",T_Assign[מחלקה],$A17),0) -> 0 | U17: =IFERROR(SUM(R17:T17),0) -> 0 | V17: =IFERROR(COUNTIFS(T_Assign[תאריך],V6,T_Assign[משמרת],"בוקר",T_Assign[מחלקה],$A17),0) -> 0 | W17: =IFERROR(COUNTIFS(T_Assign[תאריך],V6,T_Assign[משמרת],"אמצע",T_Assign[מחלקה],$A17),0) -> 0 | X17: =IFERROR(COUNTIFS(T_Assign[תאריך],V6,T_Assign[משמרת],"ערב",T_Assign[מחלקה],$A17),0) -> 0 | Y17: =IFERROR(SUM(V17:X17),0) -> 0 | Z17: =IFERROR(COUNTIFS(T_Assign[תאריך],Z6,T_Assign[משמרת],"בוקר",T_Assign[מחלקה],$A17),0) -> 0 | AA17: =IFERROR(COUNTIFS(T_Assign[תאריך],Z6,T_Assign[משמרת],"אמצע",T_Assign[מחלקה],$A17),0) -> 0 | AB17: =IFERROR(COUNTIFS(T_Assign[תאריך],Z6,T_Assign[משמרת],"ערב",T_Assign[מחלקה],$A17),0) -> 0 | AC17: =IFERROR(SUM(Z17:AB17),0) -> 0 | AD17: =IFERROR(E17+I17+M17+Q17+U17+Y17+AC17,0) -> 0 | AE17: =IFERROR(SUMPRODUCT((T_Standards[מחלקה]=$A17)*T_Standards[תקן])*7,0) -> 0 | AF17: =IFERROR(AE17-AD17,0) -> 0
A18: =IFERROR(INDEX(T_Depts[מחלקה],11),"") | B18: =IFERROR(COUNTIFS(T_Assign[תאריך],B6,T_Assign[משמרת],"בוקר",T_Assign[מחלקה],$A18),0) -> 0 | C18: =IFERROR(COUNTIFS(T_Assign[תאריך],B6,T_Assign[משמרת],"אמצע",T_Assign[מחלקה],$A18),0) -> 0 | D18: =IFERROR(COUNTIFS(T_Assign[תאריך],B6,T_Assign[משמרת],"ערב",T_Assign[מחלקה],$A18),0) -> 0 | E18: =IFERROR(SUM(B18:D18),0) -> 0 | F18: =IFERROR(COUNTIFS(T_Assign[תאריך],F6,T_Assign[משמרת],"בוקר",T_Assign[מחלקה],$A18),0) -> 0 | G18: =IFERROR(COUNTIFS(T_Assign[תאריך],F6,T_Assign[משמרת],"אמצע",T_Assign[מחלקה],$A18),0) -> 0 | H18: =IFERROR(COUNTIFS(T_Assign[תאריך],F6,T_Assign[משמרת],"ערב",T_Assign[מחלקה],$A18),0) -> 0 | I18: =IFERROR(SUM(F18:H18),0) -> 0 | J18: =IFERROR(COUNTIFS(T_Assign[תאריך],J6,T_Assign[משמרת],"בוקר",T_Assign[מחלקה],$A18),0) -> 0 | K18: =IFERROR(COUNTIFS(T_Assign[תאריך],J6,T_Assign[משמרת],"אמצע",T_Assign[מחלקה],$A18),0) -> 0 | L18: =IFERROR(COUNTIFS(T_Assign[תאריך],J6,T_Assign[משמרת],"ערב",T_Assign[מחלקה],$A18),0) -> 0 | M18: =IFERROR(SUM(J18:L18),0) -> 0 | N18: =IFERROR(COUNTIFS(T_Assign[תאריך],N6,T_Assign[משמרת],"בוקר",T_Assign[מחלקה],$A18),0) -> 0 | O18: =IFERROR(COUNTIFS(T_Assign[תאריך],N6,T_Assign[משמרת],"אמצע",T_Assign[מחלקה],$A18),0) -> 0 | P18: =IFERROR(COUNTIFS(T_Assign[תאריך],N6,T_Assign[משמרת],"ערב",T_Assign[מחלקה],$A18),0) -> 0 | Q18: =IFERROR(SUM(N18:P18),0) -> 0 | R18: =IFERROR(COUNTIFS(T_Assign[תאריך],R6,T_Assign[משמרת],"בוקר",T_Assign[מחלקה],$A18),0) -> 0 | S18: =IFERROR(COUNTIFS(T_Assign[תאריך],R6,T_Assign[משמרת],"אמצע",T_Assign[מחלקה],$A18),0) -> 0 | T18: =IFERROR(COUNTIFS(T_Assign[תאריך],R6,T_Assign[משמרת],"ערב",T_Assign[מחלקה],$A18),0) -> 0 | U18: =IFERROR(SUM(R18:T18),0) -> 0 | V18: =IFERROR(COUNTIFS(T_Assign[תאריך],V6,T_Assign[משמרת],"בוקר",T_Assign[מחלקה],$A18),0) -> 0 | W18: =IFERROR(COUNTIFS(T_Assign[תאריך],V6,T_Assign[משמרת],"אמצע",T_Assign[מחלקה],$A18),0) -> 0 | X18: =IFERROR(COUNTIFS(T_Assign[תאריך],V6,T_Assign[משמרת],"ערב",T_Assign[מחלקה],$A18),0) -> 0 | Y18: =IFERROR(SUM(V18:X18),0) -> 0 | Z18: =IFERROR(COUNTIFS(T_Assign[תאריך],Z6,T_Assign[משמרת],"בוקר",T_Assign[מחלקה],$A18),0) -> 0 | AA18: =IFERROR(COUNTIFS(T_Assign[תאריך],Z6,T_Assign[משמרת],"אמצע",T_Assign[מחלקה],$A18),0) -> 0 | AB18: =IFERROR(COUNTIFS(T_Assign[תאריך],Z6,T_Assign[משמרת],"ערב",T_Assign[מחלקה],$A18),0) -> 0 | AC18: =IFERROR(SUM(Z18:AB18),0) -> 0 | AD18: =IFERROR(E18+I18+M18+Q18+U18+Y18+AC18,0) -> 0 | AE18: =IFERROR(SUMPRODUCT((T_Standards[מחלקה]=$A18)*T_Standards[תקן])*7,0) -> 0 | AF18: =IFERROR(AE18-AD18,0) -> 0
A19: =IFERROR(INDEX(T_Depts[מחלקה],12),"") | B19: =IFERROR(COUNTIFS(T_Assign[תאריך],B6,T_Assign[משמרת],"בוקר",T_Assign[מחלקה],$A19),0) -> 0 | C19: =IFERROR(COUNTIFS(T_Assign[תאריך],B6,T_Assign[משמרת],"אמצע",T_Assign[מחלקה],$A19),0) -> 0 | D19: =IFERROR(COUNTIFS(T_Assign[תאריך],B6,T_Assign[משמרת],"ערב",T_Assign[מחלקה],$A19),0) -> 0 | E19: =IFERROR(SUM(B19:D19),0) -> 0 | F19: =IFERROR(COUNTIFS(T_Assign[תאריך],F6,T_Assign[משמרת],"בוקר",T_Assign[מחלקה],$A19),0) -> 0 | G19: =IFERROR(COUNTIFS(T_Assign[תאריך],F6,T_Assign[משמרת],"אמצע",T_Assign[מחלקה],$A19),0) -> 0 | H19: =IFERROR(COUNTIFS(T_Assign[תאריך],F6,T_Assign[משמרת],"ערב",T_Assign[מחלקה],$A19),0) -> 0 | I19: =IFERROR(SUM(F19:H19),0) -> 0 | J19: =IFERROR(COUNTIFS(T_Assign[תאריך],J6,T_Assign[משמרת],"בוקר",T_Assign[מחלקה],$A19),0) -> 0 | K19: =IFERROR(COUNTIFS(T_Assign[תאריך],J6,T_Assign[משמרת],"אמצע",T_Assign[מחלקה],$A19),0) -> 0 | L19: =IFERROR(COUNTIFS(T_Assign[תאריך],J6,T_Assign[משמרת],"ערב",T_Assign[מחלקה],$A19),0) -> 0 | M19: =IFERROR(SUM(J19:L19),0) -> 0 | N19: =IFERROR(COUNTIFS(T_Assign[תאריך],N6,T_Assign[משמרת],"בוקר",T_Assign[מחלקה],$A19),0) -> 0 | O19: =IFERROR(COUNTIFS(T_Assign[תאריך],N6,T_Assign[משמרת],"אמצע",T_Assign[מחלקה],$A19),0) -> 0 | P19: =IFERROR(COUNTIFS(T_Assign[תאריך],N6,T_Assign[משמרת],"ערב",T_Assign[מחלקה],$A19),0) -> 0 | Q19: =IFERROR(SUM(N19:P19),0) -> 0 | R19: =IFERROR(COUNTIFS(T_Assign[תאריך],R6,T_Assign[משמרת],"בוקר",T_Assign[מחלקה],$A19),0) -> 0 | S19: =IFERROR(COUNTIFS(T_Assign[תאריך],R6,T_Assign[משמרת],"אמצע",T_Assign[מחלקה],$A19),0) -> 0 | T19: =IFERROR(COUNTIFS(T_Assign[תאריך],R6,T_Assign[משמרת],"ערב",T_Assign[מחלקה],$A19),0) -> 0 | U19: =IFERROR(SUM(R19:T19),0) -> 0 | V19: =IFERROR(COUNTIFS(T_Assign[תאריך],V6,T_Assign[משמרת],"בוקר",T_Assign[מחלקה],$A19),0) -> 0 | W19: =IFERROR(COUNTIFS(T_Assign[תאריך],V6,T_Assign[משמרת],"אמצע",T_Assign[מחלקה],$A19),0) -> 0 | X19: =IFERROR(COUNTIFS(T_Assign[תאריך],V6,T_Assign[משמרת],"ערב",T_Assign[מחלקה],$A19),0) -> 0 | Y19: =IFERROR(SUM(V19:X19),0) -> 0 | Z19: =IFERROR(COUNTIFS(T_Assign[תאריך],Z6,T_Assign[משמרת],"בוקר",T_Assign[מחלקה],$A19),0) -> 0 | AA19: =IFERROR(COUNTIFS(T_Assign[תאריך],Z6,T_Assign[משמרת],"אמצע",T_Assign[מחלקה],$A19),0) -> 0 | AB19: =IFERROR(COUNTIFS(T_Assign[תאריך],Z6,T_Assign[משמרת],"ערב",T_Assign[מחלקה],$A19),0) -> 0 | AC19: =IFERROR(SUM(Z19:AB19),0) -> 0 | AD19: =IFERROR(E19+I19+M19+Q19+U19+Y19+AC19,0) -> 0 | AE19: =IFERROR(SUMPRODUCT((T_Standards[מחלקה]=$A19)*T_Standards[תקן])*7,0) -> 0 | AF19: =IFERROR(AE19-AD19,0) -> 0
A20: =IFERROR(INDEX(T_Depts[מחלקה],13),"") | B20: =IFERROR(COUNTIFS(T_Assign[תאריך],B6,T_Assign[משמרת],"בוקר",T_Assign[מחלקה],$A20),0) -> 0 | C20: =IFERROR(COUNTIFS(T_Assign[תאריך],B6,T_Assign[משמרת],"אמצע",T_Assign[מחלקה],$A20),0) -> 0 | D20: =IFERROR(COUNTIFS(T_Assign[תאריך],B6,T_Assign[משמרת],"ערב",T_Assign[מחלקה],$A20),0) -> 0 | E20: =IFERROR(SUM(B20:D20),0) -> 0 | F20: =IFERROR(COUNTIFS(T_Assign[תאריך],F6,T_Assign[משמרת],"בוקר",T_Assign[מחלקה],$A20),0) -> 0 | G20: =IFERROR(COUNTIFS(T_Assign[תאריך],F6,T_Assign[משמרת],"אמצע",T_Assign[מחלקה],$A20),0) -> 0 | H20: =IFERROR(COUNTIFS(T_Assign[תאריך],F6,T_Assign[משמרת],"ערב",T_Assign[מחלקה],$A20),0) -> 0 | I20: =IFERROR(SUM(F20:H20),0) -> 0 | J20: =IFERROR(COUNTIFS(T_Assign[תאריך],J6,T_Assign[משמרת],"בוקר",T_Assign[מחלקה],$A20),0) -> 0 | K20: =IFERROR(COUNTIFS(T_Assign[תאריך],J6,T_Assign[משמרת],"אמצע",T_Assign[מחלקה],$A20),0) -> 0 | L20: =IFERROR(COUNTIFS(T_Assign[תאריך],J6,T_Assign[משמרת],"ערב",T_Assign[מחלקה],$A20),0) -> 0 | M20: =IFERROR(SUM(J20:L20),0) -> 0 | N20: =IFERROR(COUNTIFS(T_Assign[תאריך],N6,T_Assign[משמרת],"בוקר",T_Assign[מחלקה],$A20),0) -> 0 | O20: =IFERROR(COUNTIFS(T_Assign[תאריך],N6,T_Assign[משמרת],"אמצע",T_Assign[מחלקה],$A20),0) -> 0 | P20: =IFERROR(COUNTIFS(T_Assign[תאריך],N6,T_Assign[משמרת],"ערב",T_Assign[מחלקה],$A20),0) -> 0 | Q20: =IFERROR(SUM(N20:P20),0) -> 0 | R20: =IFERROR(COUNTIFS(T_Assign[תאריך],R6,T_Assign[משמרת],"בוקר",T_Assign[מחלקה],$A20),0) -> 0 | S20: =IFERROR(COUNTIFS(T_Assign[תאריך],R6,T_Assign[משמרת],"אמצע",T_Assign[מחלקה],$A20),0) -> 0 | T20: =IFERROR(COUNTIFS(T_Assign[תאריך],R6,T_Assign[משמרת],"ערב",T_Assign[מחלקה],$A20),0) -> 0 | U20: =IFERROR(SUM(R20:T20),0) -> 0 | V20: =IFERROR(COUNTIFS(T_Assign[תאריך],V6,T_Assign[משמרת],"בוקר",T_Assign[מחלקה],$A20),0) -> 0 | W20: =IFERROR(COUNTIFS(T_Assign[תאריך],V6,T_Assign[משמרת],"אמצע",T_Assign[מחלקה],$A20),0) -> 0 | X20: =IFERROR(COUNTIFS(T_Assign[תאריך],V6,T_Assign[משמרת],"ערב",T_Assign[מחלקה],$A20),0) -> 0 | Y20: =IFERROR(SUM(V20:X20),0) -> 0 | Z20: =IFERROR(COUNTIFS(T_Assign[תאריך],Z6,T_Assign[משמרת],"בוקר",T_Assign[מחלקה],$A20),0) -> 0 | AA20: =IFERROR(COUNTIFS(T_Assign[תאריך],Z6,T_Assign[משמרת],"אמצע",T_Assign[מחלקה],$A20),0) -> 0 | AB20: =IFERROR(COUNTIFS(T_Assign[תאריך],Z6,T_Assign[משמרת],"ערב",T_Assign[מחלקה],$A20),0) -> 0 | AC20: =IFERROR(SUM(Z20:AB20),0) -> 0 | AD20: =IFERROR(E20+I20+M20+Q20+U20+Y20+AC20,0) -> 0 | AE20: =IFERROR(SUMPRODUCT((T_Standards[מחלקה]=$A20)*T_Standards[תקן])*7,0) -> 0 | AF20: =IFERROR(AE20-AD20,0) -> 0
A21: =IFERROR(INDEX(T_Depts[מחלקה],14),"") | B21: =IFERROR(COUNTIFS(T_Assign[תאריך],B6,T_Assign[משמרת],"בוקר",T_Assign[מחלקה],$A21),0) -> 0 | C21: =IFERROR(COUNTIFS(T_Assign[תאריך],B6,T_Assign[משמרת],"אמצע",T_Assign[מחלקה],$A21),0) -> 0 | D21: =IFERROR(COUNTIFS(T_Assign[תאריך],B6,T_Assign[משמרת],"ערב",T_Assign[מחלקה],$A21),0) -> 0 | E21: =IFERROR(SUM(B21:D21),0) -> 0 | F21: =IFERROR(COUNTIFS(T_Assign[תאריך],F6,T_Assign[משמרת],"בוקר",T_Assign[מחלקה],$A21),0) -> 0 | G21: =IFERROR(COUNTIFS(T_Assign[תאריך],F6,T_Assign[משמרת],"אמצע",T_Assign[מחלקה],$A21),0) -> 0 | H21: =IFERROR(COUNTIFS(T_Assign[תאריך],F6,T_Assign[משמרת],"ערב",T_Assign[מחלקה],$A21),0) -> 0 | I21: =IFERROR(SUM(F21:H21),0) -> 0 | J21: =IFERROR(COUNTIFS(T_Assign[תאריך],J6,T_Assign[משמרת],"בוקר",T_Assign[מחלקה],$A21),0) -> 0 | K21: =IFERROR(COUNTIFS(T_Assign[תאריך],J6,T_Assign[משמרת],"אמצע",T_Assign[מחלקה],$A21),0) -> 0 | L21: =IFERROR(COUNTIFS(T_Assign[תאריך],J6,T_Assign[משמרת],"ערב",T_Assign[מחלקה],$A21),0) -> 0 | M21: =IFERROR(SUM(J21:L21),0) -> 0 | N21: =IFERROR(COUNTIFS(T_Assign[תאריך],N6,T_Assign[משמרת],"בוקר",T_Assign[מחלקה],$A21),0) -> 0 | O21: =IFERROR(COUNTIFS(T_Assign[תאריך],N6,T_Assign[משמרת],"אמצע",T_Assign[מחלקה],$A21),0) -> 0 | P21: =IFERROR(COUNTIFS(T_Assign[תאריך],N6,T_Assign[משמרת],"ערב",T_Assign[מחלקה],$A21),0) -> 0 | Q21: =IFERROR(SUM(N21:P21),0) -> 0 | R21: =IFERROR(COUNTIFS(T_Assign[תאריך],R6,T_Assign[משמרת],"בוקר",T_Assign[מחלקה],$A21),0) -> 0 | S21: =IFERROR(COUNTIFS(T_Assign[תאריך],R6,T_Assign[משמרת],"אמצע",T_Assign[מחלקה],$A21),0) -> 0 | T21: =IFERROR(COUNTIFS(T_Assign[תאריך],R6,T_Assign[משמרת],"ערב",T_Assign[מחלקה],$A21),0) -> 0 | U21: =IFERROR(SUM(R21:T21),0) -> 0 | V21: =IFERROR(COUNTIFS(T_Assign[תאריך],V6,T_Assign[משמרת],"בוקר",T_Assign[מחלקה],$A21),0) -> 0 | W21: =IFERROR(COUNTIFS(T_Assign[תאריך],V6,T_Assign[משמרת],"אמצע",T_Assign[מחלקה],$A21),0) -> 0 | X21: =IFERROR(COUNTIFS(T_Assign[תאריך],V6,T_Assign[משמרת],"ערב",T_Assign[מחלקה],$A21),0) -> 0 | Y21: =IFERROR(SUM(V21:X21),0) -> 0 | Z21: =IFERROR(COUNTIFS(T_Assign[תאריך],Z6,T_Assign[משמרת],"בוקר",T_Assign[מחלקה],$A21),0) -> 0 | AA21: =IFERROR(COUNTIFS(T_Assign[תאריך],Z6,T_Assign[משמרת],"אמצע",T_Assign[מחלקה],$A21),0) -> 0 | AB21: =IFERROR(COUNTIFS(T_Assign[תאריך],Z6,T_Assign[משמרת],"ערב",T_Assign[מחלקה],$A21),0) -> 0 | AC21: =IFERROR(SUM(Z21:AB21),0) -> 0 | AD21: =IFERROR(E21+I21+M21+Q21+U21+Y21+AC21,0) -> 0 | AE21: =IFERROR(SUMPRODUCT((T_Standards[מחלקה]=$A21)*T_Standards[תקן])*7,0) -> 0 | AF21: =IFERROR(AE21-AD21,0) -> 0
A22: =IFERROR(INDEX(T_Depts[מחלקה],15),"") | B22: =IFERROR(COUNTIFS(T_Assign[תאריך],B6,T_Assign[משמרת],"בוקר",T_Assign[מחלקה],$A22),0) -> 0 | C22: =IFERROR(COUNTIFS(T_Assign[תאריך],B6,T_Assign[משמרת],"אמצע",T_Assign[מחלקה],$A22),0) -> 0 | D22: =IFERROR(COUNTIFS(T_Assign[תאריך],B6,T_Assign[משמרת],"ערב",T_Assign[מחלקה],$A22),0) -> 0 | E22: =IFERROR(SUM(B22:D22),0) -> 0 | F22: =IFERROR(COUNTIFS(T_Assign[תאריך],F6,T_Assign[משמרת],"בוקר",T_Assign[מחלקה],$A22),0) -> 0 | G22: =IFERROR(COUNTIFS(T_Assign[תאריך],F6,T_Assign[משמרת],"אמצע",T_Assign[מחלקה],$A22),0) -> 0 | H22: =IFERROR(COUNTIFS(T_Assign[תאריך],F6,T_Assign[משמרת],"ערב",T_Assign[מחלקה],$A22),0) -> 0 | I22: =IFERROR(SUM(F22:H22),0) -> 0 | J22: =IFERROR(COUNTIFS(T_Assign[תאריך],J6,T_Assign[משמרת],"בוקר",T_Assign[מחלקה],$A22),0) -> 0 | K22: =IFERROR(COUNTIFS(T_Assign[תאריך],J6,T_Assign[משמרת],"אמצע",T_Assign[מחלקה],$A22),0) -> 0 | L22: =IFERROR(COUNTIFS(T_Assign[תאריך],J6,T_Assign[משמרת],"ערב",T_Assign[מחלקה],$A22),0) -> 0 | M22: =IFERROR(SUM(J22:L22),0) -> 0 | N22: =IFERROR(COUNTIFS(T_Assign[תאריך],N6,T_Assign[משמרת],"בוקר",T_Assign[מחלקה],$A22),0) -> 0 | O22: =IFERROR(COUNTIFS(T_Assign[תאריך],N6,T_Assign[משמרת],"אמצע",T_Assign[מחלקה],$A22),0) -> 0 | P22: =IFERROR(COUNTIFS(T_Assign[תאריך],N6,T_Assign[משמרת],"ערב",T_Assign[מחלקה],$A22),0) -> 0 | Q22: =IFERROR(SUM(N22:P22),0) -> 0 | R22: =IFERROR(COUNTIFS(T_Assign[תאריך],R6,T_Assign[משמרת],"בוקר",T_Assign[מחלקה],$A22),0) -> 0 | S22: =IFERROR(COUNTIFS(T_Assign[תאריך],R6,T_Assign[משמרת],"אמצע",T_Assign[מחלקה],$A22),0) -> 0 | T22: =IFERROR(COUNTIFS(T_Assign[תאריך],R6,T_Assign[משמרת],"ערב",T_Assign[מחלקה],$A22),0) -> 0 | U22: =IFERROR(SUM(R22:T22),0) -> 0 | V22: =IFERROR(COUNTIFS(T_Assign[תאריך],V6,T_Assign[משמרת],"בוקר",T_Assign[מחלקה],$A22),0) -> 0 | W22: =IFERROR(COUNTIFS(T_Assign[תאריך],V6,T_Assign[משמרת],"אמצע",T_Assign[מחלקה],$A22),0) -> 0 | X22: =IFERROR(COUNTIFS(T_Assign[תאריך],V6,T_Assign[משמרת],"ערב",T_Assign[מחלקה],$A22),0) -> 0 | Y22: =IFERROR(SUM(V22:X22),0) -> 0 | Z22: =IFERROR(COUNTIFS(T_Assign[תאריך],Z6,T_Assign[משמרת],"בוקר",T_Assign[מחלקה],$A22),0) -> 0 | AA22: =IFERROR(COUNTIFS(T_Assign[תאריך],Z6,T_Assign[משמרת],"אמצע",T_Assign[מחלקה],$A22),0) -> 0 | AB22: =IFERROR(COUNTIFS(T_Assign[תאריך],Z6,T_Assign[משמרת],"ערב",T_Assign[מחלקה],$A22),0) -> 0 | AC22: =IFERROR(SUM(Z22:AB22),0) -> 0 | AD22: =IFERROR(E22+I22+M22+Q22+U22+Y22+AC22,0) -> 0 | AE22: =IFERROR(SUMPRODUCT((T_Standards[מחלקה]=$A22)*T_Standards[תקן])*7,0) -> 0 | AF22: =IFERROR(AE22-AD22,0) -> 0
A23: סה״כ | B23: =IFERROR(SUM(B8:B22),0) -> 0 | C23: =IFERROR(SUM(C8:C22),0) -> 0 | D23: =IFERROR(SUM(D8:D22),0) -> 0 | E23: =IFERROR(SUM(E8:E22),0) -> 0 | F23: =IFERROR(SUM(F8:F22),0) -> 0 | G23: =IFERROR(SUM(G8:G22),0) -> 0 | H23: =IFERROR(SUM(H8:H22),0) -> 0 | I23: =IFERROR(SUM(I8:I22),0) -> 0 | ... AF23: =IFERROR(SUM(AF8:AF22),0) -> 0

Sheet לוח_יומי_מחלקה
A1: 📋 לוח יומי פר מחלקה — לפחות 5+ תפקידים בכל משמרת
A3: מחלקה | C3: ← בחר מחלקה | D3: תאריך | E3: =הגדרות!$C$3 -> 46096
A5: ⏱ משמרת בוקר
A6: תפקיד | B6: תקן | C6: שובצו | D6: פער | E6: סטטוס | F6: שמות משובצים (עובדים ויועצים)
A7: =IFERROR(INDEX(T_Roles[תפקידים],1),"") -> 0 | B7: =IFERROR(SUMPRODUCT((T_Standards[מחלקה]=$B$3)*(T_Standards[תפקיד]=A7)*(T_Standards[משמרת]="בוקר")*T_Standards[תקן]),0) -> 0 | C7: =IFERROR(COUNTIFS(T_Assign[תאריך],$E$3,T_Assign[משמרת],"בוקר",T_Assign[מחלקה],$B$3,T_Assign[תפקיד],A7),0) -> 0 | D7: =IFERROR(B7-C7,0) -> 0 | E7: =IFERROR(IF(A7="","",IF(D7=0,"✓ מאויש",IF(D7>0,"⚠ חוסר","↑ עודף"))),"") | F7: =IFERROR(textjoin(", ",TRUE(),IF((T_Assign[תאריך]=$E$3)*(T_Assign[משמרת]="בוקר")*(T_Assign[מחלקה]=$B$3)*(T_Assign[תפקיד]=A7),T_Assign[שם],"")),"") | G7: =IFERROR(textjoin(", ",TRUE(),IF((T_Assign[תאריך]=$E$3)*(T_Assign[משמרת]="בוקר")*(T_Assign[מחלקה]=$B$3)*(T_Assign[תפקיד]=A7)*(T_Assign[סוג]="יועץ"),T_Assign[שם],"")),"")
A8: =IFERROR(INDEX(T_Roles[תפקידים],2),"") -> 0 | B8: =IFERROR(SUMPRODUCT((T_Standards[מחלקה]=$B$3)*(T_Standards[תפקיד]=A8)*(T_Standards[משמרת]="בוקר")*T_Standards[תקן]),0) -> 0 | C8: =IFERROR(COUNTIFS(T_Assign[תאריך],$E$3,T_Assign[משמרת],"בוקר",T_Assign[מחלקה],$B$3,T_Assign[תפקיד],A8),0) -> 0 | D8: =IFERROR(B8-C8,0) -> 0 | E8: =IFERROR(IF(A8="","",IF(D8=0,"✓ מאויש",IF(D8>0,"⚠ חוסר","↑ עודף"))),"") | F8: =IFERROR(textjoin(", ",TRUE(),IF((T_Assign[תאריך]=$E$3)*(T_Assign[משמרת]="בוקר")*(T_Assign[מחלקה]=$B$3)*(T_Assign[תפקיד]=A8),T_Assign[שם],"")),"") | G8: =IFERROR(textjoin(", ",TRUE(),IF((T_Assign[תאריך]=$E$3)*(T_Assign[משמרת]="בוקר")*(T_Assign[מחלקה]=$B$3)*(T_Assign[תפקיד]=A8)*(T_Assign[סוג]="יועץ"),T_Assign[שם],"")),"")
A9: =IFERROR(INDEX(T_Roles[תפקידים],3),"") -> 0 | B9: =IFERROR(SUMPRODUCT((T_Standards[מחלקה]=$B$3)*(T_Standards[תפקיד]=A9)*(T_Standards[משמרת]="בוקר")*T_Standards[תקן]),0) -> 0 | C9: =IFERROR(COUNTIFS(T_Assign[תאריך],$E$3,T_Assign[משמרת],"בוקר",T_Assign[מחלקה],$B$3,T_Assign[תפקיד],A9),0) -> 0 | D9: =IFERROR(B9-C9,0) -> 0 | E9: =IFERROR(IF(A9="","",IF(D9=0,"✓ מאויש",IF(D9>0,"⚠ חוסר","↑ עודף"))),"") | F9: =IFERROR(textjoin(", ",TRUE(),IF((T_Assign[תאריך]=$E$3)*(T_Assign[משמרת]="בוקר")*(T_Assign[מחלקה]=$B$3)*(T_Assign[תפקיד]=A9),T_Assign[שם],"")),"") | G9: =IFERROR(textjoin(", ",TRUE(),IF((T_Assign[תאריך]=$E$3)*(T_Assign[משמרת]="בוקר")*(T_Assign[מחלקה]=$B$3)*(T_Assign[תפקיד]=A9)*(T_Assign[סוג]="יועץ"),T_Assign[שם],"")),"")
A10: =IFERROR(INDEX(T_Roles[תפקידים],4),"") -> 0 | B10: =IFERROR(SUMPRODUCT((T_Standards[מחלקה]=$B$3)*(T_Standards[תפקיד]=A10)*(T_Standards[משמרת]="בוקר")*T_Standards[תקן]),0) -> 0 | C10: =IFERROR(COUNTIFS(T_Assign[תאריך],$E$3,T_Assign[משמרת],"בוקר",T_Assign[מחלקה],$B$3,T_Assign[תפקיד],A10),0) -> 0 | D10: =IFERROR(B10-C10,0) -> 0 | E10: =IFERROR(IF(A10="","",IF(D10=0,"✓ מאויש",IF(D10>0,"⚠ חוסר","↑ עודף"))),"") | F10: =IFERROR(textjoin(", ",TRUE(),IF((T_Assign[תאריך]=$E$3)*(T_Assign[משמרת]="בוקר")*(T_Assign[מחלקה]=$B$3)*(T_Assign[תפקיד]=A10),T_Assign[שם],"")),"") | G10: =IFERROR(textjoin(", ",TRUE(),IF((T_Assign[תאריך]=$E$3)*(T_Assign[משמרת]="בוקר")*(T_Assign[מחלקה]=$B$3)*(T_Assign[תפקיד]=A10)*(T_Assign[סוג]="יועץ"),T_Assign[שם],"")),"")
A11: =IFERROR(INDEX(T_Roles[תפקידים],5),"") -> 0 | B11: =IFERROR(SUMPRODUCT((T_Standards[מחלקה]=$B$3)*(T_Standards[תפקיד]=A11)*(T_Standards[משמרת]="בוקר")*T_Standards[תקן]),0) -> 0 | C11: =IFERROR(COUNTIFS(T_Assign[תאריך],$E$3,T_Assign[משמרת],"בוקר",T_Assign[מחלקה],$B$3,T_Assign[תפקיד],A11),0) -> 0 | D11: =IFERROR(B11-C11,0) -> 0 | E11: =IFERROR(IF(A11="","",IF(D11=0,"✓ מאויש",IF(D11>0,"⚠ חוסר","↑ עודף"))),"") | F11: =IFERROR(textjoin(", ",TRUE(),IF((T_Assign[תאריך]=$E$3)*(T_Assign[משמרת]="בוקר")*(T_Assign[מחלקה]=$B$3)*(T_Assign[תפקיד]=A11),T_Assign[שם],"")),"") | G11: =IFERROR(textjoin(", ",TRUE(),IF((T_Assign[תאריך]=$E$3)*(T_Assign[משמרת]="בוקר")*(T_Assign[מחלקה]=$B$3)*(T_Assign[תפקיד]=A11)*(T_Assign[סוג]="יועץ"),T_Assign[שם],"")),"")
A12: =IFERROR(INDEX(T_Roles[תפקידים],6),"") -> 0 | B12: =IFERROR(SUMPRODUCT((T_Standards[מחלקה]=$B$3)*(T_Standards[תפקיד]=A12)*(T_Standards[משמרת]="בוקר")*T_Standards[תקן]),0) -> 0 | C12: =IFERROR(COUNTIFS(T_Assign[תאריך],$E$3,T_Assign[משמרת],"בוקר",T_Assign[מחלקה],$B$3,T_Assign[תפקיד],A12),0) -> 0 | D12: =IFERROR(B12-C12,0) -> 0 | E12: =IFERROR(IF(A12="","",IF(D12=0,"✓ מאויש",IF(D12>0,"⚠ חוסר","↑ עודף"))),"") | F12: =IFERROR(textjoin(", ",TRUE(),IF((T_Assign[תאריך]=$E$3)*(T_Assign[משמרת]="בוקר")*(T_Assign[מחלקה]=$B$3)*(T_Assign[תפקיד]=A12),T_Assign[שם],"")),"") | G12: =IFERROR(textjoin(", ",TRUE(),IF((T_Assign[תאריך]=$E$3)*(T_Assign[משמרת]="בוקר")*(T_Assign[מחלקה]=$B$3)*(T_Assign[תפקיד]=A12)*(T_Assign[סוג]="יועץ"),T_Assign[שם],"")),"")
A13: =IFERROR(INDEX(T_Roles[תפקידים],7),"") -> 0 | B13: =IFERROR(SUMPRODUCT((T_Standards[מחלקה]=$B$3)*(T_Standards[תפקיד]=A13)*(T_Standards[משמרת]="בוקר")*T_Standards[תקן]),0) -> 0 | C13: =IFERROR(COUNTIFS(T_Assign[תאריך],$E$3,T_Assign[משמרת],"בוקר",T_Assign[מחלקה],$B$3,T_Assign[תפקיד],A13),0) -> 0 | D13: =IFERROR(B13-C13,0) -> 0 | E13: =IFERROR(IF(A13="","",IF(D13=0,"✓ מאויש",IF(D13>0,"⚠ חוסר","↑ עודף"))),"") | F13: =IFERROR(textjoin(", ",TRUE(),IF((T_Assign[תאריך]=$E$3)*(T_Assign[משמרת]="בוקר")*(T_Assign[מחלקה]=$B$3)*(T_Assign[תפקיד]=A13),T_Assign[שם],"")),"") | G13: =IFERROR(textjoin(", ",TRUE(),IF((T_Assign[תאריך]=$E$3)*(T_Assign[משמרת]="בוקר")*(T_Assign[מחלקה]=$B$3)*(T_Assign[תפקיד]=A13)*(T_Assign[סוג]="יועץ"),T_Assign[שם],"")),"")
A14: =IFERROR(INDEX(T_Roles[תפקידים],8),"") -> 0 | B14: =IFERROR(SUMPRODUCT((T_Standards[מחלקה]=$B$3)*(T_Standards[תפקיד]=A14)*(T_Standards[משמרת]="בוקר")*T_Standards[תקן]),0) -> 0 | C14: =IFERROR(COUNTIFS(T_Assign[תאריך],$E$3,T_Assign[משמרת],"בוקר",T_Assign[מחלקה],$B$3,T_Assign[תפקיד],A14),0) -> 0 | D14: =IFERROR(B14-C14,0) -> 0 | E14: =IFERROR(IF(A14="","",IF(D14=0,"✓ מאויש",IF(D14>0,"⚠ חוסר","↑ עודף"))),"") | F14: =IFERROR(textjoin(", ",TRUE(),IF((T_Assign[תאריך]=$E$3)*(T_Assign[משמרת]="בוקר")*(T_Assign[מחלקה]=$B$3)*(T_Assign[תפקיד]=A14),T_Assign[שם],"")),"") | G14: =IFERROR(textjoin(", ",TRUE(),IF((T_Assign[תאריך]=$E$3)*(T_Assign[משמרת]="בוקר")*(T_Assign[מחלקה]=$B$3)*(T_Assign[תפקיד]=A14)*(T_Assign[סוג]="יועץ"),T_Assign[שם],"")),"")
A15: סה״כ משמרת בוקר | B15: =IFERROR(SUM(B7:B14),0) -> 0 | C15: =IFERROR(SUM(C7:C14),0) -> 0 | D15: =IFERROR(B15-C15,0) -> 0
A17: ⏱ משמרת אמצע
A18: תפקיד | B18: תקן | C18: שובצו | D18: פער | E18: סטטוס | F18: שמות משובצים (עובדים ויועצים)
A19: =IFERROR(INDEX(T_Roles[תפקידים],1),"") -> 0 | B19: =IFERROR(SUMPRODUCT((T_Standards[מחלקה]=$B$3)*(T_Standards[תפקיד]=A19)*(T_Standards[משמרת]="אמצע")*T_Standards[תקן]),0) -> 0 | C19: =IFERROR(COUNTIFS(T_Assign[תאריך],$E$3,T_Assign[משמרת],"אמצע",T_Assign[מחלקה],$B$3,T_Assign[תפקיד],A19),0) -> 0 | D19: =IFERROR(B19-C19,0) -> 0 | E19: =IFERROR(IF(A19="","",IF(D19=0,"✓ מאויש",IF(D19>0,"⚠ חוסר","↑ עודף"))),"") | F19: =IFERROR(textjoin(", ",TRUE(),IF((T_Assign[תאריך]=$E$3)*(T_Assign[משמרת]="אמצע")*(T_Assign[מחלקה]=$B$3)*(T_Assign[תפקיד]=A19),T_Assign[שם],"")),"") | G19: =IFERROR(textjoin(", ",TRUE(),IF((T_Assign[תאריך]=$E$3)*(T_Assign[משמרת]="אמצע")*(T_Assign[מחלקה]=$B$3)*(T_Assign[תפקיד]=A19)*(T_Assign[סוג]="יועץ"),T_Assign[שם],"")),"")
A20: =IFERROR(INDEX(T_Roles[תפקידים],2),"") -> 0 | B20: =IFERROR(SUMPRODUCT((T_Standards[מחלקה]=$B$3)*(T_Standards[תפקיד]=A20)*(T_Standards[משמרת]="אמצע")*T_Standards[תקן]),0) -> 0 | C20: =IFERROR(COUNTIFS(T_Assign[תאריך],$E$3,T_Assign[משמרת],"אמצע",T_Assign[מחלקה],$B$3,T_Assign[תפקיד],A20),0) -> 0 | D20: =IFERROR(B20-C20,0) -> 0 | E20: =IFERROR(IF(A20="","",IF(D20=0,"✓ מאויש",IF(D20>0,"⚠ חוסר","↑ עודף"))),"") | F20: =IFERROR(textjoin(", ",TRUE(),IF((T_Assign[תאריך]=$E$3)*(T_Assign[משמרת]="אמצע")*(T_Assign[מחלקה]=$B$3)*(T_Assign[תפקיד]=A20),T_Assign[שם],"")),"") | G20: =IFERROR(textjoin(", ",TRUE(),IF((T_Assign[תאריך]=$E$3)*(T_Assign[משמרת]="אמצע")*(T_Assign[מחלקה]=$B$3)*(T_Assign[תפקיד]=A20)*(T_Assign[סוג]="יועץ"),T_Assign[שם],"")),"")
A21: =IFERROR(INDEX(T_Roles[תפקידים],3),"") -> 0 | B21: =IFERROR(SUMPRODUCT((T_Standards[מחלקה]=$B$3)*(T_Standards[תפקיד]=A21)*(T_Standards[משמרת]="אמצע")*T_Standards[תקן]),0) -> 0 | C21: =IFERROR(COUNTIFS(T_Assign[תאריך],$E$3,T_Assign[משמרת],"אמצע",T_Assign[מחלקה],$B$3,T_Assign[תפקיד],A21),0) -> 0 | D21: =IFERROR(B21-C21,0) -> 0 | E21: =IFERROR(IF(A21="","",IF(D21=0,"✓ מאויש",IF(D21>0,"⚠ חוסר","↑ עודף"))),"") | F21: =IFERROR(textjoin(", ",TRUE(),IF((T_Assign[תאריך]=$E$3)*(T_Assign[משמרת]="אמצע")*(T_Assign[מחלקה]=$B$3)*(T_Assign[תפקיד]=A21),T_Assign[שם],"")),"") | G21: =IFERROR(textjoin(", ",TRUE(),IF((T_Assign[תאריך]=$E$3)*(T_Assign[משמרת]="אמצע")*(T_Assign[מחלקה]=$B$3)*(T_Assign[תפקיד]=A21)*(T_Assign[סוג]="יועץ"),T_Assign[שם],"")),"")
A22: =IFERROR(INDEX(T_Roles[תפקידים],4),"") -> 0 | B22: =IFERROR(SUMPRODUCT((T_Standards[מחלקה]=$B$3)*(T_Standards[תפקיד]=A22)*(T_Standards[משמרת]="אמצע")*T_Standards[תקן]),0) -> 0 | C22: =IFERROR(COUNTIFS(T_Assign[תאריך],$E$3,T_Assign[משמרת],"אמצע",T_Assign[מחלקה],$B$3,T_Assign[תפקיד],A22),0) -> 0 | D22: =IFERROR(B22-C22,0) -> 0 | E22: =IFERROR(IF(A22="","",IF(D22=0,"✓ מאויש",IF(D22>0,"⚠ חוסר","↑ עודף"))),"") | F22: =IFERROR(textjoin(", ",TRUE(),IF((T_Assign[תאריך]=$E$3)*(T_Assign[משמרת]="אמצע")*(T_Assign[מחלקה]=$B$3)*(T_Assign[תפקיד]=A22),T_Assign[שם],"")),"") | G22: =IFERROR(textjoin(", ",TRUE(),IF((T_Assign[תאריך]=$E$3)*(T_Assign[משמרת]="אמצע")*(T_Assign[מחלקה]=$B$3)*(T_Assign[תפקיד]=A22)*(T_Assign[סוג]="יועץ"),T_Assign[שם],"")),"")
A23: =IFERROR(INDEX(T_Roles[תפקידים],5),"") -> 0 | B23: =IFERROR(SUMPRODUCT((T_Standards[מחלקה]=$B$3)*(T_Standards[תפקיד]=A23)*(T_Standards[משמרת]="אמצע")*T_Standards[תקן]),0) -> 0 | C23: =IFERROR(COUNTIFS(T_Assign[תאריך],$E$3,T_Assign[משמרת],"אמצע",T_Assign[מחלקה],$B$3,T_Assign[תפקיד],A23),0) -> 0 | D23: =IFERROR(B23-C23,0) -> 0 | E23: =IFERROR(IF(A23="","",IF(D23=0,"✓ מאויש",IF(D23>0,"⚠ חוסר","↑ עודף"))),"") | F23: =IFERROR(textjoin(", ",TRUE(),IF((T_Assign[תאריך]=$E$3)*(T_Assign[משמרת]="אמצע")*(T_Assign[מחלקה]=$B$3)*(T_Assign[תפקיד]=A23),T_Assign[שם],"")),"") | G23: =IFERROR(textjoin(", ",TRUE(),IF((T_Assign[תאריך]=$E$3)*(T_Assign[משמרת]="אמצע")*(T_Assign[מחלקה]=$B$3)*(T_Assign[תפקיד]=A23)*(T_Assign[סוג]="יועץ"),T_Assign[שם],"")),"")
A24: =IFERROR(INDEX(T_Roles[תפקידים],6),"") -> 0 | B24: =IFERROR(SUMPRODUCT((T_Standards[מחלקה]=$B$3)*(T_Standards[תפקיד]=A24)*(T_Standards[משמרת]="אמצע")*T_Standards[תקן]),0) -> 0 | C24: =IFERROR(COUNTIFS(T_Assign[תאריך],$E$3,T_Assign[משמרת],"אמצע",T_Assign[מחלקה],$B$3,T_Assign[תפקיד],A24),0) -> 0 | D24: =IFERROR(B24-C24,0) -> 0 | E24: =IFERROR(IF(A24="","",IF(D24=0,"✓ מאויש",IF(D24>0,"⚠ חוסר","↑ עודף"))),"") | F24: =IFERROR(textjoin(", ",TRUE(),IF((T_Assign[תאריך]=$E$3)*(T_Assign[משמרת]="אמצע")*(T_Assign[מחלקה]=$B$3)*(T_Assign[תפקיד]=A24),T_Assign[שם],"")),"") | G24: =IFERROR(textjoin(", ",TRUE(),IF((T_Assign[תאריך]=$E$3)*(T_Assign[משמרת]="אמצע")*(T_Assign[מחלקה]=$B$3)*(T_Assign[תפקיד]=A24)*(T_Assign[סוג]="יועץ"),T_Assign[שם],"")),"")
A25: =IFERROR(INDEX(T_Roles[תפקידים],7),"") -> 0 | B25: =IFERROR(SUMPRODUCT((T_Standards[מחלקה]=$B$3)*(T_Standards[תפקיד]=A25)*(T_Standards[משמרת]="אמצע")*T_Standards[תקן]),0) -> 0 | C25: =IFERROR(COUNTIFS(T_Assign[תאריך],$E$3,T_Assign[משמרת],"אמצע",T_Assign[מחלקה],$B$3,T_Assign[תפקיד],A25),0) -> 0 | D25: =IFERROR(B25-C25,0) -> 0 | E25: =IFERROR(IF(A25="","",IF(D25=0,"✓ מאויש",IF(D25>0,"⚠ חוסר","↑ עודף"))),"") | F25: =IFERROR(textjoin(", ",TRUE(),IF((T_Assign[תאריך]=$E$3)*(T_Assign[משמרת]="אמצע")*(T_Assign[מחלקה]=$B$3)*(T_Assign[תפקיד]=A25),T_Assign[שם],"")),"") | G25: =IFERROR(textjoin(", ",TRUE(),IF((T_Assign[תאריך]=$E$3)*(T_Assign[משמרת]="אמצע")*(T_Assign[מחלקה]=$B$3)*(T_Assign[תפקיד]=A25)*(T_Assign[סוג]="יועץ"),T_Assign[שם],"")),"")
A26: =IFERROR(INDEX(T_Roles[תפקידים],8),"") -> 0 | B26: =IFERROR(SUMPRODUCT((T_Standards[מחלקה]=$B$3)*(T_Standards[תפקיד]=A26)*(T_Standards[משמרת]="אמצע")*T_Standards[תקן]),0) -> 0 | C26: =IFERROR(COUNTIFS(T_Assign[תאריך],$E$3,T_Assign[משמרת],"אמצע",T_Assign[מחלקה],$B$3,T_Assign[תפקיד],A26),0) -> 0 | D26: =IFERROR(B26-C26,0) -> 0 | E26: =IFERROR(IF(A26="","",IF(D26=0,"✓ מאויש",IF(D26>0,"⚠ חוסר","↑ עודף"))),"") | F26: =IFERROR(textjoin(", ",TRUE(),IF((T_Assign[תאריך]=$E$3)*(T_Assign[משמרת]="אמצע")*(T_Assign[מחלקה]=$B$3)*(T_Assign[תפקיד]=A26),T_Assign[שם],"")),"") | G26: =IFERROR(textjoin(", ",TRUE(),IF((T_Assign[תאריך]=$E$3)*(T_Assign[משמרת]="אמצע")*(T_Assign[מחלקה]=$B$3)*(T_Assign[תפקיד]=A26)*(T_Assign[סוג]="יועץ"),T_Assign[שם],"")),"")
A27: סה״כ משמרת אמצע | B27: =IFERROR(SUM(B19:B26),0) -> 0 | C27: =IFERROR(SUM(C19:C26),0) -> 0 | D27: =IFERROR(B27-C27,0) -> 0
A29: ⏱ משמרת ערב
A30: תפקיד | B30: תקן | C30: שובצו | D30: פער | E30: סטטוס | F30: שמות משובצים (עובדים ויועצים)
A31: =IFERROR(INDEX(T_Roles[תפקידים],1),"") -> 0 | B31: =IFERROR(SUMPRODUCT((T_Standards[מחלקה]=$B$3)*(T_Standards[תפקיד]=A31)*(T_Standards[משמרת]="ערב")*T_Standards[תקן]),0) -> 0 | C31: =IFERROR(COUNTIFS(T_Assign[תאריך],$E$3,T_Assign[משמרת],"ערב",T_Assign[מחלקה],$B$3,T_Assign[תפקיד],A31),0) -> 0 | D31: =IFERROR(B31-C31,0) -> 0 | E31: =IFERROR(IF(A31="","",IF(D31=0,"✓ מאויש",IF(D31>0,"⚠ חוסר","↑ עודף"))),"") | F31: =IFERROR(textjoin(", ",TRUE(),IF((T_Assign[תאריך]=$E$3)*(T_Assign[משמרת]="ערב")*(T_Assign[מחלקה]=$B$3)*(T_Assign[תפקיד]=A31),T_Assign[שם],"")),"") | G31: =IFERROR(textjoin(", ",TRUE(),IF((T_Assign[תאריך]=$E$3)*(T_Assign[משמרת]="ערב")*(T_Assign[מחלקה]=$B$3)*(T_Assign[תפקיד]=A31)*(T_Assign[סוג]="יועץ"),T_Assign[שם],"")),"")
A32: =IFERROR(INDEX(T_Roles[תפקידים],2),"") -> 0 | B32: =IFERROR(SUMPRODUCT((T_Standards[מחלקה]=$B$3)*(T_Standards[תפקיד]=A32)*(T_Standards[משמרת]="ערב")*T_Standards[תקן]),0) -> 0 | C32: =IFERROR(COUNTIFS(T_Assign[תאריך],$E$3,T_Assign[משמרת],"ערב",T_Assign[מחלקה],$B$3,T_Assign[תפקיד],A32),0) -> 0 | D32: =IFERROR(B32-C32,0) -> 0 | E32: =IFERROR(IF(A32="","",IF(D32=0,"✓ מאויש",IF(D32>0,"⚠ חוסר","↑ עודף"))),"") | F32: =IFERROR(textjoin(", ",TRUE(),IF((T_Assign[תאריך]=$E$3)*(T_Assign[משמרת]="ערב")*(T_Assign[מחלקה]=$B$3)*(T_Assign[תפקיד]=A32),T_Assign[שם],"")),"") | G32: =IFERROR(textjoin(", ",TRUE(),IF((T_Assign[תאריך]=$E$3)*(T_Assign[משמרת]="ערב")*(T_Assign[מחלקה]=$B$3)*(T_Assign[תפקיד]=A32)*(T_Assign[סוג]="יועץ"),T_Assign[שם],"")),"")
A33: =IFERROR(INDEX(T_Roles[תפקידים],3),"") -> 0 | B33: =IFERROR(SUMPRODUCT((T_Standards[מחלקה]=$B$3)*(T_Standards[תפקיד]=A33)*(T_Standards[משמרת]="ערב")*T_Standards[תקן]),0) -> 0 | C33: =IFERROR(COUNTIFS(T_Assign[תאריך],$E$3,T_Assign[משמרת],"ערב",T_Assign[מחלקה],$B$3,T_Assign[תפקיד],A33),0) -> 0 | D33: =IFERROR(B33-C33,0) -> 0 | E33: =IFERROR(IF(A33="","",IF(D33=0,"✓ מאויש",IF(D33>0,"⚠ חוסר","↑ עודף"))),"") | F33: =IFERROR(textjoin(", ",TRUE(),IF((T_Assign[תאריך]=$E$3)*(T_Assign[משמרת]="ערב")*(T_Assign[מחלקה]=$B$3)*(T_Assign[תפקיד]=A33),T_Assign[שם],"")),"") | G33: =IFERROR(textjoin(", ",TRUE(),IF((T_Assign[תאריך]=$E$3)*(T_Assign[משמרת]="ערב")*(T_Assign[מחלקה]=$B$3)*(T_Assign[תפקיד]=A33)*(T_Assign[סוג]="יועץ"),T_Assign[שם],"")),"")
A34: =IFERROR(INDEX(T_Roles[תפקידים],4),"") -> 0 | B34: =IFERROR(SUMPRODUCT((T_Standards[מחלקה]=$B$3)*(T_Standards[תפקיד]=A34)*(T_Standards[משמרת]="ערב")*T_Standards[תקן]),0) -> 0 | C34: =IFERROR(COUNTIFS(T_Assign[תאריך],$E$3,T_Assign[משמרת],"ערב",T_Assign[מחלקה],$B$3,T_Assign[תפקיד],A34),0) -> 0 | D34: =IFERROR(B34-C34,0) -> 0 | E34: =IFERROR(IF(A34="","",IF(D34=0,"✓ מאויש",IF(D34>0,"⚠ חוסר","↑ עודף"))),"") | F34: =IFERROR(textjoin(", ",TRUE(),IF((T_Assign[תאריך]=$E$3)*(T_Assign[משמרת]="ערב")*(T_Assign[מחלקה]=$B$3)*(T_Assign[תפקיד]=A34),T_Assign[שם],"")),"") | G34: =IFERROR(textjoin(", ",TRUE(),IF((T_Assign[תאריך]=$E$3)*(T_Assign[משמרת]="ערב")*(T_Assign[מחלקה]=$B$3)*(T_Assign[תפקיד]=A34)*(T_Assign[סוג]="יועץ"),T_Assign[שם],"")),"")
A35: =IFERROR(INDEX(T_Roles[תפקידים],5),"") -> 0 | B35: =IFERROR(SUMPRODUCT((T_Standards[מחלקה]=$B$3)*(T_Standards[תפקיד]=A35)*(T_Standards[משמרת]="ערב")*T_Standards[תקן]),0) -> 0 | C35: =IFERROR(COUNTIFS(T_Assign[תאריך],$E$3,T_Assign[משמרת],"ערב",T_Assign[מחלקה],$B$3,T_Assign[תפקיד],A35),0) -> 0 | D35: =IFERROR(B35-C35,0) -> 0 | E35: =IFERROR(IF(A35="","",IF(D35=0,"✓ מאויש",IF(D35>0,"⚠ חוסר","↑ עודף"))),"") | F35: =IFERROR(textjoin(", ",TRUE(),IF((T_Assign[תאריך]=$E$3)*(T_Assign[משמרת]="ערב")*(T_Assign[מחלקה]=$B$3)*(T_Assign[תפקיד]=A35),T_Assign[שם],"")),"") | G35: =IFERROR(textjoin(", ",TRUE(),IF((T_Assign[תאריך]=$E$3)*(T_Assign[משמרת]="ערב")*(T_Assign[מחלקה]=$B$3)*(T_Assign[תפקיד]=A35)*(T_Assign[סוג]="יועץ"),T_Assign[שם],"")),"")
A36: =IFERROR(INDEX(T_Roles[תפקידים],6),"") -> 0 | B36: =IFERROR(SUMPRODUCT((T_Standards[מחלקה]=$B$3)*(T_Standards[תפקיד]=A36)*(T_Standards[משמרת]="ערב")*T_Standards[תקן]),0) -> 0 | C36: =IFERROR(COUNTIFS(T_Assign[תאריך],$E$3,T_Assign[משמרת],"ערב",T_Assign[מחלקה],$B$3,T_Assign[תפקיד],A36),0) -> 0 | D36: =IFERROR(B36-C36,0) -> 0 | E36: =IFERROR(IF(A36="","",IF(D36=0,"✓ מאויש",IF(D36>0,"⚠ חוסר","↑ עודף"))),"") | F36: =IFERROR(textjoin(", ",TRUE(),IF((T_Assign[תאריך]=$E$3)*(T_Assign[משמרת]="ערב")*(T_Assign[מחלקה]=$B$3)*(T_Assign[תפקיד]=A36),T_Assign[שם],"")),"") | G36: =IFERROR(textjoin(", ",TRUE(),IF((T_Assign[תאריך]=$E$3)*(T_Assign[משמרת]="ערב")*(T_Assign[מחלקה]=$B$3)*(T_Assign[תפקיד]=A36)*(T_Assign[סוג]="יועץ"),T_Assign[שם],"")),"")
A37: =IFERROR(INDEX(T_Roles[תפקידים],7),"") -> 0 | B37: =IFERROR(SUMPRODUCT((T_Standards[מחלקה]=$B$3)*(T_Standards[תפקיד]=A37)*(T_Standards[משמרת]="ערב")*T_Standards[תקן]),0) -> 0 | C37: =IFERROR(COUNTIFS(T_Assign[תאריך],$E$3,T_Assign[משמרת],"ערב",T_Assign[מחלקה],$B$3,T_Assign[תפקיד],A37),0) -> 0 | D37: =IFERROR(B37-C37,0) -> 0 | E37: =IFERROR(IF(A37="","",IF(D37=0,"✓ מאויש",IF(D37>0,"⚠ חוסר","↑ עודף"))),"") | F37: =IFERROR(textjoin(", ",TRUE(),IF((T_Assign[תאריך]=$E$3)*(T_Assign[משמרת]="ערב")*(T_Assign[מחלקה]=$B$3)*(T_Assign[תפקיד]=A37),T_Assign[שם],"")),"") | G37: =IFERROR(textjoin(", ",TRUE(),IF((T_Assign[תאריך]=$E$3)*(T_Assign[משמרת]="ערב")*(T_Assign[מחלקה]=$B$3)*(T_Assign[תפקיד]=A37)*(T_Assign[סוג]="יועץ"),T_Assign[שם],"")),"")
A38: =IFERROR(INDEX(T_Roles[תפקידים],8),"") -> 0 | B38: =IFERROR(SUMPRODUCT((T_Standards[מחלקה]=$B$3)*(T_Standards[תפקיד]=A38)*(T_Standards[משמרת]="ערב")*T_Standards[תקן]),0) -> 0 | C38: =IFERROR(COUNTIFS(T_Assign[תאריך],$E$3,T_Assign[משמרת],"ערב",T_Assign[מחלקה],$B$3,T_Assign[תפקיד],A38),0) -> 0 | D38: =IFERROR(B38-C38,0) -> 0 | E38: =IFERROR(IF(A38="","",IF(D38=0,"✓ מאויש",IF(D38>0,"⚠ חוסר","↑ עודף"))),"") | F38: =IFERROR(textjoin(", ",TRUE(),IF((T_Assign[תאריך]=$E$3)*(T_Assign[משמרת]="ערב")*(T_Assign[מחלקה]=$B$3)*(T_Assign[תפקיד]=A38),T_Assign[שם],"")),"") | G38: =IFERROR(textjoin(", ",TRUE(),IF((T_Assign[תאריך]=$E$3)*(T_Assign[משמרת]="ערב")*(T_Assign[מחלקה]=$B$3)*(T_Assign[תפקיד]=A38)*(T_Assign[סוג]="יועץ"),T_Assign[שם],"")),"")
A39: סה״כ משמרת ערב | B39: =IFERROR(SUM(B31:B38),0) -> 0 | C39: =IFERROR(SUM(C31:C38),0) -> 0 | D39: =IFERROR(B39-C39,0) -> 0

Sheet לוח_שבועי_מחלקה
A1: 📆 לוח שבועי פר מחלקה
A3: מחלקה | C3: ← בחר מחלקה
A5: משמרת / תפקיד | B5: א׳ | C5: ב׳ | D5: ג׳ | E5: ד׳ | F5: ה׳ | G5: ו׳ | H5: ש׳ | I5: סה״כ | J5: תקן | K5: פער
B6: =הגדרות!$C$3+0 -> 46096 | C6: =הגדרות!$C$3+1 -> 46097 | D6: =הגדרות!$C$3+2 -> 46098 | E6: =הגדרות!$C$3+3 -> 46099 | F6: =הגדרות!$C$3+4 -> 46100 | G6: =הגדרות!$C$3+5 -> 46101 | H6: =הגדרות!$C$3+6 -> 46102
A7: 📌 בוקר
A8: =IFERROR(INDEX(T_Roles[תפקידים],1),"") -> 0 | B8: =IFERROR(COUNTIFS(T_Assign[תאריך],לוח_שבועי_מחלקה!B6,T_Assign[משמרת],"בוקר",T_Assign[מחלקה],$B$3,T_Assign[תפקיד],A8),0) -> 0 | C8: =IFERROR(COUNTIFS(T_Assign[תאריך],לוח_שבועי_מחלקה!C6,T_Assign[משמרת],"בוקר",T_Assign[מחלקה],$B$3,T_Assign[תפקיד],A8),0) -> 0 | D8: =IFERROR(COUNTIFS(T_Assign[תאריך],לוח_שבועי_מחלקה!D6,T_Assign[משמרת],"בוקר",T_Assign[מחלקה],$B$3,T_Assign[תפקיד],A8),0) -> 0 | E8: =IFERROR(COUNTIFS(T_Assign[תאריך],לוח_שבועי_מחלקה!E6,T_Assign[משמרת],"בוקר",T_Assign[מחלקה],$B$3,T_Assign[תפקיד],A8),0) -> 0 | F8: =IFERROR(COUNTIFS(T_Assign[תאריך],לוח_שבועי_מחלקה!F6,T_Assign[משמרת],"בוקר",T_Assign[מחלקה],$B$3,T_Assign[תפקיד],A8),0) -> 0 | G8: =IFERROR(COUNTIFS(T_Assign[תאריך],לוח_שבועי_מחלקה!G6,T_Assign[משמרת],"בוקר",T_Assign[מחלקה],$B$3,T_Assign[תפקיד],A8),0) -> 0 | H8: =IFERROR(COUNTIFS(T_Assign[תאריך],לוח_שבועי_מחלקה!H6,T_Assign[משמרת],"בוקר",T_Assign[מחלקה],$B$3,T_Assign[תפקיד],A8),0) -> 0 | I8: =IFERROR(SUM(B8:H8),0) -> 0 | J8: =IFERROR(SUMPRODUCT((T_Standards[מחלקה]=$B$3)*(T_Standards[תפקיד]=A8)*(T_Standards[משמרת]="בוקר")*T_Standards[תקן])*7,0) -> 0 | K8: =IFERROR(J8-I8,0) -> 0
A9: =IFERROR(INDEX(T_Roles[תפקידים],2),"") -> 0 | B9: =IFERROR(COUNTIFS(T_Assign[תאריך],לוח_שבועי_מחלקה!B6,T_Assign[משמרת],"בוקר",T_Assign[מחלקה],$B$3,T_Assign[תפקיד],A9),0) -> 0 | C9: =IFERROR(COUNTIFS(T_Assign[תאריך],לוח_שבועי_מחלקה!C6,T_Assign[משמרת],"בוקר",T_Assign[מחלקה],$B$3,T_Assign[תפקיד],A9),0) -> 0 | D9: =IFERROR(COUNTIFS(T_Assign[תאריך],לוח_שבועי_מחלקה!D6,T_Assign[משמרת],"בוקר",T_Assign[מחלקה],$B$3,T_Assign[תפקיד],A9),0) -> 0 | E9: =IFERROR(COUNTIFS(T_Assign[תאריך],לוח_שבועי_מחלקה!E6,T_Assign[משמרת],"בוקר",T_Assign[מחלקה],$B$3,T_Assign[תפקיד],A9),0) -> 0 | F9: =IFERROR(COUNTIFS(T_Assign[תאריך],לוח_שבועי_מחלקה!F6,T_Assign[משמרת],"בוקר",T_Assign[מחלקה],$B$3,T_Assign[תפקיד],A9),0) -> 0 | G9: =IFERROR(COUNTIFS(T_Assign[תאריך],לוח_שבועי_מחלקה!G6,T_Assign[משמרת],"בוקר",T_Assign[מחלקה],$B$3,T_Assign[תפקיד],A9),0) -> 0 | H9: =IFERROR(COUNTIFS(T_Assign[תאריך],לוח_שבועי_מחלקה!H6,T_Assign[משמרת],"בוקר",T_Assign[מחלקה],$B$3,T_Assign[תפקיד],A9),0) -> 0 | I9: =IFERROR(SUM(B9:H9),0) -> 0 | J9: =IFERROR(SUMPRODUCT((T_Standards[מחלקה]=$B$3)*(T_Standards[תפקיד]=A9)*(T_Standards[משמרת]="בוקר")*T_Standards[תקן])*7,0) -> 0 | K9: =IFERROR(J9-I9,0) -> 0
A10: =IFERROR(INDEX(T_Roles[תפקידים],3),"") -> 0 | B10: =IFERROR(COUNTIFS(T_Assign[תאריך],לוח_שבועי_מחלקה!B6,T_Assign[משמרת],"בוקר",T_Assign[מחלקה],$B$3,T_Assign[תפקיד],A10),0) -> 0 | C10: =IFERROR(COUNTIFS(T_Assign[תאריך],לוח_שבועי_מחלקה!C6,T_Assign[משמרת],"בוקר",T_Assign[מחלקה],$B$3,T_Assign[תפקיד],A10),0) -> 0 | D10: =IFERROR(COUNTIFS(T_Assign[תאריך],לוח_שבועי_מחלקה!D6,T_Assign[משמרת],"בוקר",T_Assign[מחלקה],$B$3,T_Assign[תפקיד],A10),0) -> 0 | E10: =IFERROR(COUNTIFS(T_Assign[תאריך],לוח_שבועי_מחלקה!E6,T_Assign[משמרת],"בוקר",T_Assign[מחלקה],$B$3,T_Assign[תפקיד],A10),0) -> 0 | F10: =IFERROR(COUNTIFS(T_Assign[תאריך],לוח_שבועי_מחלקה!F6,T_Assign[משמרת],"בוקר",T_Assign[מחלקה],$B$3,T_Assign[תפקיד],A10),0) -> 0 | G10: =IFERROR(COUNTIFS(T_Assign[תאריך],לוח_שבועי_מחלקה!G6,T_Assign[משמרת],"בוקר",T_Assign[מחלקה],$B$3,T_Assign[תפקיד],A10),0) -> 0 | H10: =IFERROR(COUNTIFS(T_Assign[תאריך],לוח_שבועי_מחלקה!H6,T_Assign[משמרת],"בוקר",T_Assign[מחלקה],$B$3,T_Assign[תפקיד],A10),0) -> 0 | I10: =IFERROR(SUM(B10:H10),0) -> 0 | J10: =IFERROR(SUMPRODUCT((T_Standards[מחלקה]=$B$3)*(T_Standards[תפקיד]=A10)*(T_Standards[משמרת]="בוקר")*T_Standards[תקן])*7,0) -> 0 | K10: =IFERROR(J10-I10,0) -> 0
A11: =IFERROR(INDEX(T_Roles[תפקידים],4),"") -> 0 | B11: =IFERROR(COUNTIFS(T_Assign[תאריך],לוח_שבועי_מחלקה!B6,T_Assign[משמרת],"בוקר",T_Assign[מחלקה],$B$3,T_Assign[תפקיד],A11),0) -> 0 | C11: =IFERROR(COUNTIFS(T_Assign[תאריך],לוח_שבועי_מחלקה!C6,T_Assign[משמרת],"בוקר",T_Assign[מחלקה],$B$3,T_Assign[תפקיד],A11),0) -> 0 | D11: =IFERROR(COUNTIFS(T_Assign[תאריך],לוח_שבועי_מחלקה!D6,T_Assign[משמרת],"בוקר",T_Assign[מחלקה],$B$3,T_Assign[תפקיד],A11),0) -> 0 | E11: =IFERROR(COUNTIFS(T_Assign[תאריך],לוח_שבועי_מחלקה!E6,T_Assign[משמרת],"בוקר",T_Assign[מחלקה],$B$3,T_Assign[תפקיד],A11),0) -> 0 | F11: =IFERROR(COUNTIFS(T_Assign[תאריך],לוח_שבועי_מחלקה!F6,T_Assign[משמרת],"בוקר",T_Assign[מחלקה],$B$3,T_Assign[תפקיד],A11),0) -> 0 | G11: =IFERROR(COUNTIFS(T_Assign[תאריך],לוח_שבועי_מחלקה!G6,T_Assign[משמרת],"בוקר",T_Assign[מחלקה],$B$3,T_Assign[תפקיד],A11),0) -> 0 | H11: =IFERROR(COUNTIFS(T_Assign[תאריך],לוח_שבועי_מחלקה!H6,T_Assign[משמרת],"בוקר",T_Assign[מחלקה],$B$3,T_Assign[תפקיד],A11),0) -> 0 | I11: =IFERROR(SUM(B11:H11),0) -> 0 | J11: =IFERROR(SUMPRODUCT((T_Standards[מחלקה]=$B$3)*(T_Standards[תפקיד]=A11)*(T_Standards[משמרת]="בוקר")*T_Standards[תקן])*7,0) -> 0 | K11: =IFERROR(J11-I11,0) -> 0
A12: =IFERROR(INDEX(T_Roles[תפקידים],5),"") -> 0 | B12: =IFERROR(COUNTIFS(T_Assign[תאריך],לוח_שבועי_מחלקה!B6,T_Assign[משמרת],"בוקר",T_Assign[מחלקה],$B$3,T_Assign[תפקיד],A12),0) -> 0 | C12: =IFERROR(COUNTIFS(T_Assign[תאריך],לוח_שבועי_מחלקה!C6,T_Assign[משמרת],"בוקר",T_Assign[מחלקה],$B$3,T_Assign[תפקיד],A12),0) -> 0 | D12: =IFERROR(COUNTIFS(T_Assign[תאריך],לוח_שבועי_מחלקה!D6,T_Assign[משמרת],"בוקר",T_Assign[מחלקה],$B$3,T_Assign[תפקיד],A12),0) -> 0 | E12: =IFERROR(COUNTIFS(T_Assign[תאריך],לוח_שבועי_מחלקה!E6,T_Assign[משמרת],"בוקר",T_Assign[מחלקה],$B$3,T_Assign[תפקיד],A12),0) -> 0 | F12: =IFERROR(COUNTIFS(T_Assign[תאריך],לוח_שבועי_מחלקה!F6,T_Assign[משמרת],"בוקר",T_Assign[מחלקה],$B$3,T_Assign[תפקיד],A12),0) -> 0 | G12: =IFERROR(COUNTIFS(T_Assign[תאריך],לוח_שבועי_מחלקה!G6,T_Assign[משמרת],"בוקר",T_Assign[מחלקה],$B$3,T_Assign[תפקיד],A12),0) -> 0 | H12: =IFERROR(COUNTIFS(T_Assign[תאריך],לוח_שבועי_מחלקה!H6,T_Assign[משמרת],"בוקר",T_Assign[מחלקה],$B$3,T_Assign[תפקיד],A12),0) -> 0 | I12: =IFERROR(SUM(B12:H12),0) -> 0 | J12: =IFERROR(SUMPRODUCT((T_Standards[מחלקה]=$B$3)*(T_Standards[תפקיד]=A12)*(T_Standards[משמרת]="בוקר")*T_Standards[תקן])*7,0) -> 0 | K12: =IFERROR(J12-I12,0) -> 0
A13: =IFERROR(INDEX(T_Roles[תפקידים],6),"") -> 0 | B13: =IFERROR(COUNTIFS(T_Assign[תאריך],לוח_שבועי_מחלקה!B6,T_Assign[משמרת],"בוקר",T_Assign[מחלקה],$B$3,T_Assign[תפקיד],A13),0) -> 0 | C13: =IFERROR(COUNTIFS(T_Assign[תאריך],לוח_שבועי_מחלקה!C6,T_Assign[משמרת],"בוקר",T_Assign[מחלקה],$B$3,T_Assign[תפקיד],A13),0) -> 0 | D13: =IFERROR(COUNTIFS(T_Assign[תאריך],לוח_שבועי_מחלקה!D6,T_Assign[משמרת],"בוקר",T_Assign[מחלקה],$B$3,T_Assign[תפקיד],A13),0) -> 0 | E13: =IFERROR(COUNTIFS(T_Assign[תאריך],לוח_שבועי_מחלקה!E6,T_Assign[משמרת],"בוקר",T_Assign[מחלקה],$B$3,T_Assign[תפקיד],A13),0) -> 0 | F13: =IFERROR(COUNTIFS(T_Assign[תאריך],לוח_שבועי_מחלקה!F6,T_Assign[משמרת],"בוקר",T_Assign[מחלקה],$B$3,T_Assign[תפקיד],A13),0) -> 0 | G13: =IFERROR(COUNTIFS(T_Assign[תאריך],לוח_שבועי_מחלקה!G6,T_Assign[משמרת],"בוקר",T_Assign[מחלקה],$B$3,T_Assign[תפקיד],A13),0) -> 0 | H13: =IFERROR(COUNTIFS(T_Assign[תאריך],לוח_שבועי_מחלקה!H6,T_Assign[משמרת],"בוקר",T_Assign[מחלקה],$B$3,T_Assign[תפקיד],A13),0) -> 0 | I13: =IFERROR(SUM(B13:H13),0) -> 0 | J13: =IFERROR(SUMPRODUCT((T_Standards[מחלקה]=$B$3)*(T_Standards[תפקיד]=A13)*(T_Standards[משמרת]="בוקר")*T_Standards[תקן])*7,0) -> 0 | K13: =IFERROR(J13-I13,0) -> 0
A14: =IFERROR(INDEX(T_Roles[תפקידים],7),"") -> 0 | B14: =IFERROR(COUNTIFS(T_Assign[תאריך],לוח_שבועי_מחלקה!B6,T_Assign[משמרת],"בוקר",T_Assign[מחלקה],$B$3,T_Assign[תפקיד],A14),0) -> 0 | C14: =IFERROR(COUNTIFS(T_Assign[תאריך],לוח_שבועי_מחלקה!C6,T_Assign[משמרת],"בוקר",T_Assign[מחלקה],$B$3,T_Assign[תפקיד],A14),0) -> 0 | D14: =IFERROR(COUNTIFS(T_Assign[תאריך],לוח_שבועי_מחלקה!D6,T_Assign[משמרת],"בוקר",T_Assign[מחלקה],$B$3,T_Assign[תפקיד],A14),0) -> 0 | E14: =IFERROR(COUNTIFS(T_Assign[תאריך],לוח_שבועי_מחלקה!E6,T_Assign[משמרת],"בוקר",T_Assign[מחלקה],$B$3,T_Assign[תפקיד],A14),0) -> 0 | F14: =IFERROR(COUNTIFS(T_Assign[תאריך],לוח_שבועי_מחלקה!F6,T_Assign[משמרת],"בוקר",T_Assign[מחלקה],$B$3,T_Assign[תפקיד],A14),0) -> 0 | G14: =IFERROR(COUNTIFS(T_Assign[תאריך],לוח_שבועי_מחלקה!G6,T_Assign[משמרת],"בוקר",T_Assign[מחלקה],$B$3,T_Assign[תפקיד],A14),0) -> 0 | H14: =IFERROR(COUNTIFS(T_Assign[תאריך],לוח_שבועי_מחלקה!H6,T_Assign[משמרת],"בוקר",T_Assign[מחלקה],$B$3,T_Assign[תפקיד],A14),0) -> 0 | I14: =IFERROR(SUM(B14:H14),0) -> 0 | J14: =IFERROR(SUMPRODUCT((T_Standards[מחלקה]=$B$3)*(T_Standards[תפקיד]=A14)*(T_Standards[משמרת]="בוקר")*T_Standards[תקן])*7,0) -> 0 | K14: =IFERROR(J14-I14,0) -> 0
A15: =IFERROR(INDEX(T_Roles[תפקידים],8),"") -> 0 | B15: =IFERROR(COUNTIFS(T_Assign[תאריך],לוח_שבועי_מחלקה!B6,T_Assign[משמרת],"בוקר",T_Assign[מחלקה],$B$3,T_Assign[תפקיד],A15),0) -> 0 | C15: =IFERROR(COUNTIFS(T_Assign[תאריך],לוח_שבועי_מחלקה!C6,T_Assign[משמרת],"בוקר",T_Assign[מחלקה],$B$3,T_Assign[תפקיד],A15),0) -> 0 | D15: =IFERROR(COUNTIFS(T_Assign[תאריך],לוח_שבועי_מחלקה!D6,T_Assign[משמרת],"בוקר",T_Assign[מחלקה],$B$3,T_Assign[תפקיד],A15),0) -> 0 | E15: =IFERROR(COUNTIFS(T_Assign[תאריך],לוח_שבועי_מחלקה!E6,T_Assign[משמרת],"בוקר",T_Assign[מחלקה],$B$3,T_Assign[תפקיד],A15),0) -> 0 | F15: =IFERROR(COUNTIFS(T_Assign[תאריך],לוח_שבועי_מחלקה!F6,T_Assign[משמרת],"בוקר",T_Assign[מחלקה],$B$3,T_Assign[תפקיד],A15),0) -> 0 | G15: =IFERROR(COUNTIFS(T_Assign[תאריך],לוח_שבועי_מחלקה!G6,T_Assign[משמרת],"בוקר",T_Assign[מחלקה],$B$3,T_Assign[תפקיד],A15),0) -> 0 | H15: =IFERROR(COUNTIFS(T_Assign[תאריך],לוח_שבועי_מחלקה!H6,T_Assign[משמרת],"בוקר",T_Assign[מחלקה],$B$3,T_Assign[תפקיד],A15),0) -> 0 | I15: =IFERROR(SUM(B15:H15),0) -> 0 | J15: =IFERROR(SUMPRODUCT((T_Standards[מחלקה]=$B$3)*(T_Standards[תפקיד]=A15)*(T_Standards[משמרת]="בוקר")*T_Standards[תקן])*7,0) -> 0 | K15: =IFERROR(J15-I15,0) -> 0
A16: סה״כ בוקר | B16: =IFERROR(SUM(B8:B15),0) -> 0 | C16: =IFERROR(SUM(C8:C15),0) -> 0 | D16: =IFERROR(SUM(D8:D15),0) -> 0 | E16: =IFERROR(SUM(E8:E15),0) -> 0 | F16: =IFERROR(SUM(F8:F15),0) -> 0 | G16: =IFERROR(SUM(G8:G15),0) -> 0 | H16: =IFERROR(SUM(H8:H15),0) -> 0 | I16: =IFERROR(SUM(I8:I15),0) -> 0 | ... K16: =IFERROR(SUM(K8:K15),0) -> 0
A18: 📌 אמצע
A19: =IFERROR(INDEX(T_Roles[תפקידים],1),"") -> 0 | B19: =IFERROR(COUNTIFS(T_Assign[תאריך],לוח_שבועי_מחלקה!B6,T_Assign[משמרת],"אמצע",T_Assign[מחלקה],$B$3,T_Assign[תפקיד],A19),0) -> 0 | C19: =IFERROR(COUNTIFS(T_Assign[תאריך],לוח_שבועי_מחלקה!C6,T_Assign[משמרת],"אמצע",T_Assign[מחלקה],$B$3,T_Assign[תפקיד],A19),0) -> 0 | D19: =IFERROR(COUNTIFS(T_Assign[תאריך],לוח_שבועי_מחלקה!D6,T_Assign[משמרת],"אמצע",T_Assign[מחלקה],$B$3,T_Assign[תפקיד],A19),0) -> 0 | E19: =IFERROR(COUNTIFS(T_Assign[תאריך],לוח_שבועי_מחלקה!E6,T_Assign[משמרת],"אמצע",T_Assign[מחלקה],$B$3,T_Assign[תפקיד],A19),0) -> 0 | F19: =IFERROR(COUNTIFS(T_Assign[תאריך],לוח_שבועי_מחלקה!F6,T_Assign[משמרת],"אמצע",T_Assign[מחלקה],$B$3,T_Assign[תפקיד],A19),0) -> 0 | G19: =IFERROR(COUNTIFS(T_Assign[תאריך],לוח_שבועי_מחלקה!G6,T_Assign[משמרת],"אמצע",T_Assign[מחלקה],$B$3,T_Assign[תפקיד],A19),0) -> 0 | H19: =IFERROR(COUNTIFS(T_Assign[תאריך],לוח_שבועי_מחלקה!H6,T_Assign[משמרת],"אמצע",T_Assign[מחלקה],$B$3,T_Assign[תפקיד],A19),0) -> 0 | I19: =IFERROR(SUM(B19:H19),0) -> 0 | J19: =IFERROR(SUMPRODUCT((T_Standards[מחלקה]=$B$3)*(T_Standards[תפקיד]=A19)*(T_Standards[משמרת]="אמצע")*T_Standards[תקן])*7,0) -> 0 | K19: =IFERROR(J19-I19,0) -> 0
A20: =IFERROR(INDEX(T_Roles[תפקידים],2),"") -> 0 | B20: =IFERROR(COUNTIFS(T_Assign[תאריך],לוח_שבועי_מחלקה!B6,T_Assign[משמרת],"אמצע",T_Assign[מחלקה],$B$3,T_Assign[תפקיד],A20),0) -> 0 | C20: =IFERROR(COUNTIFS(T_Assign[תאריך],לוח_שבועי_מחלקה!C6,T_Assign[משמרת],"אמצע",T_Assign[מחלקה],$B$3,T_Assign[תפקיד],A20),0) -> 0 | D20: =IFERROR(COUNTIFS(T_Assign[תאריך],לוח_שבועי_מחלקה!D6,T_Assign[משמרת],"אמצע",T_Assign[מחלקה],$B$3,T_Assign[תפקיד],A20),0) -> 0 | E20: =IFERROR(COUNTIFS(T_Assign[תאריך],לוח_שבועי_מחלקה!E6,T_Assign[משמרת],"אמצע",T_Assign[מחלקה],$B$3,T_Assign[תפקיד],A20),0) -> 0 | F20: =IFERROR(COUNTIFS(T_Assign[תאריך],לוח_שבועי_מחלקה!F6,T_Assign[משמרת],"אמצע",T_Assign[מחלקה],$B$3,T_Assign[תפקיד],A20),0) -> 0 | G20: =IFERROR(COUNTIFS(T_Assign[תאריך],לוח_שבועי_מחלקה!G6,T_Assign[משמרת],"אמצע",T_Assign[מחלקה],$B$3,T_Assign[תפקיד],A20),0) -> 0 | H20: =IFERROR(COUNTIFS(T_Assign[תאריך],לוח_שבועי_מחלקה!H6,T_Assign[משמרת],"אמצע",T_Assign[מחלקה],$B$3,T_Assign[תפקיד],A20),0) -> 0 | I20: =IFERROR(SUM(B20:H20),0) -> 0 | J20: =IFERROR(SUMPRODUCT((T_Standards[מחלקה]=$B$3)*(T_Standards[תפקיד]=A20)*(T_Standards[משמרת]="אמצע")*T_Standards[תקן])*7,0) -> 0 | K20: =IFERROR(J20-I20,0) -> 0
A21: =IFERROR(INDEX(T_Roles[תפקידים],3),"") -> 0 | B21: =IFERROR(COUNTIFS(T_Assign[תאריך],לוח_שבועי_מחלקה!B6,T_Assign[משמרת],"אמצע",T_Assign[מחלקה],$B$3,T_Assign[תפקיד],A21),0) -> 0 | C21: =IFERROR(COUNTIFS(T_Assign[תאריך],לוח_שבועי_מחלקה!C6,T_Assign[משמרת],"אמצע",T_Assign[מחלקה],$B$3,T_Assign[תפקיד],A21),0) -> 0 | D21: =IFERROR(COUNTIFS(T_Assign[תאריך],לוח_שבועי_מחלקה!D6,T_Assign[משמרת],"אמצע",T_Assign[מחלקה],$B$3,T_Assign[תפקיד],A21),0) -> 0 | E21: =IFERROR(COUNTIFS(T_Assign[תאריך],לוח_שבועי_מחלקה!E6,T_Assign[משמרת],"אמצע",T_Assign[מחלקה],$B$3,T_Assign[תפקיד],A21),0) -> 0 | F21: =IFERROR(COUNTIFS(T_Assign[תאריך],לוח_שבועי_מחלקה!F6,T_Assign[משמרת],"אמצע",T_Assign[מחלקה],$B$3,T_Assign[תפקיד],A21),0) -> 0 | G21: =IFERROR(COUNTIFS(T_Assign[תאריך],לוח_שבועי_מחלקה!G6,T_Assign[משמרת],"אמצע",T_Assign[מחלקה],$B$3,T_Assign[תפקיד],A21),0) -> 0 | H21: =IFERROR(COUNTIFS(T_Assign[תאריך],לוח_שבועי_מחלקה!H6,T_Assign[משמרת],"אמצע",T_Assign[מחלקה],$B$3,T_Assign[תפקיד],A21),0) -> 0 | I21: =IFERROR(SUM(B21:H21),0) -> 0 | J21: =IFERROR(SUMPRODUCT((T_Standards[מחלקה]=$B$3)*(T_Standards[תפקיד]=A21)*(T_Standards[משמרת]="אמצע")*T_Standards[תקן])*7,0) -> 0 | K21: =IFERROR(J21-I21,0) -> 0
A22: =IFERROR(INDEX(T_Roles[תפקידים],4),"") -> 0 | B22: =IFERROR(COUNTIFS(T_Assign[תאריך],לוח_שבועי_מחלקה!B6,T_Assign[משמרת],"אמצע",T_Assign[מחלקה],$B$3,T_Assign[תפקיד],A22),0) -> 0 | C22: =IFERROR(COUNTIFS(T_Assign[תאריך],לוח_שבועי_מחלקה!C6,T_Assign[משמרת],"אמצע",T_Assign[מחלקה],$B$3,T_Assign[תפקיד],A22),0) -> 0 | D22: =IFERROR(COUNTIFS(T_Assign[תאריך],לוח_שבועי_מחלקה!D6,T_Assign[משמרת],"אמצע",T_Assign[מחלקה],$B$3,T_Assign[תפקיד],A22),0) -> 0 | E22: =IFERROR(COUNTIFS(T_Assign[תאריך],לוח_שבועי_מחלקה!E6,T_Assign[משמרת],"אמצע",T_Assign[מחלקה],$B$3,T_Assign[תפקיד],A22),0) -> 0 | F22: =IFERROR(COUNTIFS(T_Assign[תאריך],לוח_שבועי_מחלקה!F6,T_Assign[משמרת],"אמצע",T_Assign[מחלקה],$B$3,T_Assign[תפקיד],A22),0) -> 0 | G22: =IFERROR(COUNTIFS(T_Assign[תאריך],לוח_שבועי_מחלקה!G6,T_Assign[משמרת],"אמצע",T_Assign[מחלקה],$B$3,T_Assign[תפקיד],A22),0) -> 0 | H22: =IFERROR(COUNTIFS(T_Assign[תאריך],לוח_שבועי_מחלקה!H6,T_Assign[משמרת],"אמצע",T_Assign[מחלקה],$B$3,T_Assign[תפקיד],A22),0) -> 0 | I22: =IFERROR(SUM(B22:H22),0) -> 0 | J22: =IFERROR(SUMPRODUCT((T_Standards[מחלקה]=$B$3)*(T_Standards[תפקיד]=A22)*(T_Standards[משמרת]="אמצע")*T_Standards[תקן])*7,0) -> 0 | K22: =IFERROR(J22-I22,0) -> 0
A23: =IFERROR(INDEX(T_Roles[תפקידים],5),"") -> 0 | B23: =IFERROR(COUNTIFS(T_Assign[תאריך],לוח_שבועי_מחלקה!B6,T_Assign[משמרת],"אמצע",T_Assign[מחלקה],$B$3,T_Assign[תפקיד],A23),0) -> 0 | C23: =IFERROR(COUNTIFS(T_Assign[תאריך],לוח_שבועי_מחלקה!C6,T_Assign[משמרת],"אמצע",T_Assign[מחלקה],$B$3,T_Assign[תפקיד],A23),0) -> 0 | D23: =IFERROR(COUNTIFS(T_Assign[תאריך],לוח_שבועי_מחלקה!D6,T_Assign[משמרת],"אמצע",T_Assign[מחלקה],$B$3,T_Assign[תפקיד],A23),0) -> 0 | E23: =IFERROR(COUNTIFS(T_Assign[תאריך],לוח_שבועי_מחלקה!E6,T_Assign[משמרת],"אמצע",T_Assign[מחלקה],$B$3,T_Assign[תפקיד],A23),0) -> 0 | F23: =IFERROR(COUNTIFS(T_Assign[תאריך],לוח_שבועי_מחלקה!F6,T_Assign[משמרת],"אמצע",T_Assign[מחלקה],$B$3,T_Assign[תפקיד],A23),0) -> 0 | G23: =IFERROR(COUNTIFS(T_Assign[תאריך],לוח_שבועי_מחלקה!G6,T_Assign[משמרת],"אמצע",T_Assign[מחלקה],$B$3,T_Assign[תפקיד],A23),0) -> 0 | H23: =IFERROR(COUNTIFS(T_Assign[תאריך],לוח_שבועי_מחלקה!H6,T_Assign[משמרת],"אמצע",T_Assign[מחלקה],$B$3,T_Assign[תפקיד],A23),0) -> 0 | I23: =IFERROR(SUM(B23:H23),0) -> 0 | J23: =IFERROR(SUMPRODUCT((T_Standards[מחלקה]=$B$3)*(T_Standards[תפקיד]=A23)*(T_Standards[משמרת]="אמצע")*T_Standards[תקן])*7,0) -> 0 | K23: =IFERROR(J23-I23,0) -> 0
A24: =IFERROR(INDEX(T_Roles[תפקידים],6),"") -> 0 | B24: =IFERROR(COUNTIFS(T_Assign[תאריך],לוח_שבועי_מחלקה!B6,T_Assign[משמרת],"אמצע",T_Assign[מחלקה],$B$3,T_Assign[תפקיד],A24),0) -> 0 | C24: =IFERROR(COUNTIFS(T_Assign[תאריך],לוח_שבועי_מחלקה!C6,T_Assign[משמרת],"אמצע",T_Assign[מחלקה],$B$3,T_Assign[תפקיד],A24),0) -> 0 | D24: =IFERROR(COUNTIFS(T_Assign[תאריך],לוח_שבועי_מחלקה!D6,T_Assign[משמרת],"אמצע",T_Assign[מחלקה],$B$3,T_Assign[תפקיד],A24),0) -> 0 | E24: =IFERROR(COUNTIFS(T_Assign[תאריך],לוח_שבועי_מחלקה!E6,T_Assign[משמרת],"אמצע",T_Assign[מחלקה],$B$3,T_Assign[תפקיד],A24),0) -> 0 | F24: =IFERROR(COUNTIFS(T_Assign[תאריך],לוח_שבועי_מחלקה!F6,T_Assign[משמרת],"אמצע",T_Assign[מחלקה],$B$3,T_Assign[תפקיד],A24),0) -> 0 | G24: =IFERROR(COUNTIFS(T_Assign[תאריך],לוח_שבועי_מחלקה!G6,T_Assign[משמרת],"אמצע",T_Assign[מחלקה],$B$3,T_Assign[תפקיד],A24),0) -> 0 | H24: =IFERROR(COUNTIFS(T_Assign[תאריך],לוח_שבועי_מחלקה!H6,T_Assign[משמרת],"אמצע",T_Assign[מחלקה],$B$3,T_Assign[תפקיד],A24),0) -> 0 | I24: =IFERROR(SUM(B24:H24),0) -> 0 | J24: =IFERROR(SUMPRODUCT((T_Standards[מחלקה]=$B$3)*(T_Standards[תפקיד]=A24)*(T_Standards[משמרת]="אמצע")*T_Standards[תקן])*7,0) -> 0 | K24: =IFERROR(J24-I24,0) -> 0
A25: =IFERROR(INDEX(T_Roles[תפקידים],7),"") -> 0 | B25: =IFERROR(COUNTIFS(T_Assign[תאריך],לוח_שבועי_מחלקה!B6,T_Assign[משמרת],"אמצע",T_Assign[מחלקה],$B$3,T_Assign[תפקיד],A25),0) -> 0 | C25: =IFERROR(COUNTIFS(T_Assign[תאריך],לוח_שבועי_מחלקה!C6,T_Assign[משמרת],"אמצע",T_Assign[מחלקה],$B$3,T_Assign[תפקיד],A25),0) -> 0 | D25: =IFERROR(COUNTIFS(T_Assign[תאריך],לוח_שבועי_מחלקה!D6,T_Assign[משמרת],"אמצע",T_Assign[מחלקה],$B$3,T_Assign[תפקיד],A25),0) -> 0 | E25: =IFERROR(COUNTIFS(T_Assign[תאריך],לוח_שבועי_מחלקה!E6,T_Assign[משמרת],"אמצע",T_Assign[מחלקה],$B$3,T_Assign[תפקיד],A25),0) -> 0 | F25: =IFERROR(COUNTIFS(T_Assign[תאריך],לוח_שבועי_מחלקה!F6,T_Assign[משמרת],"אמצע",T_Assign[מחלקה],$B$3,T_Assign[תפקיד],A25),0) -> 0 | G25: =IFERROR(COUNTIFS(T_Assign[תאריך],לוח_שבועי_מחלקה!G6,T_Assign[משמרת],"אמצע",T_Assign[מחלקה],$B$3,T_Assign[תפקיד],A25),0) -> 0 | H25: =IFERROR(COUNTIFS(T_Assign[תאריך],לוח_שבועי_מחלקה!H6,T_Assign[משמרת],"אמצע",T_Assign[מחלקה],$B$3,T_Assign[תפקיד],A25),0) -> 0 | I25: =IFERROR(SUM(B25:H25),0) -> 0 | J25: =IFERROR(SUMPRODUCT((T_Standards[מחלקה]=$B$3)*(T_Standards[תפקיד]=A25)*(T_Standards[משמרת]="אמצע")*T_Standards[תקן])*7,0) -> 0 | K25: =IFERROR(J25-I25,0) -> 0
A26: =IFERROR(INDEX(T_Roles[תפקידים],8),"") -> 0 | B26: =IFERROR(COUNTIFS(T_Assign[תאריך],לוח_שבועי_מחלקה!B6,T_Assign[משמרת],"אמצע",T_Assign[מחלקה],$B$3,T_Assign[תפקיד],A26),0) -> 0 | C26: =IFERROR(COUNTIFS(T_Assign[תאריך],לוח_שבועי_מחלקה!C6,T_Assign[משמרת],"אמצע",T_Assign[מחלקה],$B$3,T_Assign[תפקיד],A26),0) -> 0 | D26: =IFERROR(COUNTIFS(T_Assign[תאריך],לוח_שבועי_מחלקה!D6,T_Assign[משמרת],"אמצע",T_Assign[מחלקה],$B$3,T_Assign[תפקיד],A26),0) -> 0 | E26: =IFERROR(COUNTIFS(T_Assign[תאריך],לוח_שבועי_מחלקה!E6,T_Assign[משמרת],"אמצע",T_Assign[מחלקה],$B$3,T_Assign[תפקיד],A26),0) -> 0 | F26: =IFERROR(COUNTIFS(T_Assign[תאריך],לוח_שבועי_מחלקה!F6,T_Assign[משמרת],"אמצע",T_Assign[מחלקה],$B$3,T_Assign[תפקיד],A26),0) -> 0 | G26: =IFERROR(COUNTIFS(T_Assign[תאריך],לוח_שבועי_מחלקה!G6,T_Assign[משמרת],"אמצע",T_Assign[מחלקה],$B$3,T_Assign[תפקיד],A26),0) -> 0 | H26: =IFERROR(COUNTIFS(T_Assign[תאריך],לוח_שבועי_מחלקה!H6,T_Assign[משמרת],"אמצע",T_Assign[מחלקה],$B$3,T_Assign[תפקיד],A26),0) -> 0 | I26: =IFERROR(SUM(B26:H26),0) -> 0 | J26: =IFERROR(SUMPRODUCT((T_Standards[מחלקה]=$B$3)*(T_Standards[תפקיד]=A26)*(T_Standards[משמרת]="אמצע")*T_Standards[תקן])*7,0) -> 0 | K26: =IFERROR(J26-I26,0) -> 0
A27: סה״כ אמצע | B27: =IFERROR(SUM(B19:B26),0) -> 0 | C27: =IFERROR(SUM(C19:C26),0) -> 0 | D27: =IFERROR(SUM(D19:D26),0) -> 0 | E27: =IFERROR(SUM(E19:E26),0) -> 0 | F27: =IFERROR(SUM(F19:F26),0) -> 0 | G27: =IFERROR(SUM(G19:G26),0) -> 0 | H27: =IFERROR(SUM(H19:H26),0) -> 0 | I27: =IFERROR(SUM(I19:I26),0) -> 0 | ... K27: =IFERROR(SUM(K19:K26),0) -> 0
A29: 📌 ערב
A30: =IFERROR(INDEX(T_Roles[תפקידים],1),"") -> 0 | B30: =IFERROR(COUNTIFS(T_Assign[תאריך],לוח_שבועי_מחלקה!B6,T_Assign[משמרת],"ערב",T_Assign[מחלקה],$B$3,T_Assign[תפקיד],A30),0) -> 0 | C30: =IFERROR(COUNTIFS(T_Assign[תאריך],לוח_שבועי_מחלקה!C6,T_Assign[משמרת],"ערב",T_Assign[מחלקה],$B$3,T_Assign[תפקיד],A30),0) -> 0 | D30: =IFERROR(COUNTIFS(T_Assign[תאריך],לוח_שבועי_מחלקה!D6,T_Assign[משמרת],"ערב",T_Assign[מחלקה],$B$3,T_Assign[תפקיד],A30),0) -> 0 | E30: =IFERROR(COUNTIFS(T_Assign[תאריך],לוח_שבועי_מחלקה!E6,T_Assign[משמרת],"ערב",T_Assign[מחלקה],$B$3,T_Assign[תפקיד],A30),0) -> 0 | F30: =IFERROR(COUNTIFS(T_Assign[תאריך],לוח_שבועי_מחלקה!F6,T_Assign[משמרת],"ערב",T_Assign[מחלקה],$B$3,T_Assign[תפקיד],A30),0) -> 0 | G30: =IFERROR(COUNTIFS(T_Assign[תאריך],לוח_שבועי_מחלקה!G6,T_Assign[משמרת],"ערב",T_Assign[מחלקה],$B$3,T_Assign[תפקיד],A30),0) -> 0 | H30: =IFERROR(COUNTIFS(T_Assign[תאריך],לוח_שבועי_מחלקה!H6,T_Assign[משמרת],"ערב",T_Assign[מחלקה],$B$3,T_Assign[תפקיד],A30),0) -> 0 | I30: =IFERROR(SUM(B30:H30),0) -> 0 | J30: =IFERROR(SUMPRODUCT((T_Standards[מחלקה]=$B$3)*(T_Standards[תפקיד]=A30)*(T_Standards[משמרת]="ערב")*T_Standards[תקן])*7,0) -> 0 | K30: =IFERROR(J30-I30,0) -> 0
A31: =IFERROR(INDEX(T_Roles[תפקידים],2),"") -> 0 | B31: =IFERROR(COUNTIFS(T_Assign[תאריך],לוח_שבועי_מחלקה!B6,T_Assign[משמרת],"ערב",T_Assign[מחלקה],$B$3,T_Assign[תפקיד],A31),0) -> 0 | C31: =IFERROR(COUNTIFS(T_Assign[תאריך],לוח_שבועי_מחלקה!C6,T_Assign[משמרת],"ערב",T_Assign[מחלקה],$B$3,T_Assign[תפקיד],A31),0) -> 0 | D31: =IFERROR(COUNTIFS(T_Assign[תאריך],לוח_שבועי_מחלקה!D6,T_Assign[משמרת],"ערב",T_Assign[מחלקה],$B$3,T_Assign[תפקיד],A31),0) -> 0 | E31: =IFERROR(COUNTIFS(T_Assign[תאריך],לוח_שבועי_מחלקה!E6,T_Assign[משמרת],"ערב",T_Assign[מחלקה],$B$3,T_Assign[תפקיד],A31),0) -> 0 | F31: =IFERROR(COUNTIFS(T_Assign[תאריך],לוח_שבועי_מחלקה!F6,T_Assign[משמרת],"ערב",T_Assign[מחלקה],$B$3,T_Assign[תפקיד],A31),0) -> 0 | G31: =IFERROR(COUNTIFS(T_Assign[תאריך],לוח_שבועי_מחלקה!G6,T_Assign[משמרת],"ערב",T_Assign[מחלקה],$B$3,T_Assign[תפקיד],A31),0) -> 0 | H31: =IFERROR(COUNTIFS(T_Assign[תאריך],לוח_שבועי_מחלקה!H6,T_Assign[משמרת],"ערב",T_Assign[מחלקה],$B$3,T_Assign[תפקיד],A31),0) -> 0 | I31: =IFERROR(SUM(B31:H31),0) -> 0 | J31: =IFERROR(SUMPRODUCT((T_Standards[מחלקה]=$B$3)*(T_Standards[תפקיד]=A31)*(T_Standards[משמרת]="ערב")*T_Standards[תקן])*7,0) -> 0 | K31: =IFERROR(J31-I31,0) -> 0
A32: =IFERROR(INDEX(T_Roles[תפקידים],3),"") -> 0 | B32: =IFERROR(COUNTIFS(T_Assign[תאריך],לוח_שבועי_מחלקה!B6,T_Assign[משמרת],"ערב",T_Assign[מחלקה],$B$3,T_Assign[תפקיד],A32),0) -> 0 | C32: =IFERROR(COUNTIFS(T_Assign[תאריך],לוח_שבועי_מחלקה!C6,T_Assign[משמרת],"ערב",T_Assign[מחלקה],$B$3,T_Assign[תפקיד],A32),0) -> 0 | D32: =IFERROR(COUNTIFS(T_Assign[תאריך],לוח_שבועי_מחלקה!D6,T_Assign[משמרת],"ערב",T_Assign[מחלקה],$B$3,T_Assign[תפקיד],A32),0) -> 0 | E32: =IFERROR(COUNTIFS(T_Assign[תאריך],לוח_שבועי_מחלקה!E6,T_Assign[משמרת],"ערב",T_Assign[מחלקה],$B$3,T_Assign[תפקיד],A32),0) -> 0 | F32: =IFERROR(COUNTIFS(T_Assign[תאריך],לוח_שבועי_מחלקה!F6,T_Assign[משמרת],"ערב",T_Assign[מחלקה],$B$3,T_Assign[תפקיד],A32),0) -> 0 | G32: =IFERROR(COUNTIFS(T_Assign[תאריך],לוח_שבועי_מחלקה!G6,T_Assign[משמרת],"ערב",T_Assign[מחלקה],$B$3,T_Assign[תפקיד],A32),0) -> 0 | H32: =IFERROR(COUNTIFS(T_Assign[תאריך],לוח_שבועי_מחלקה!H6,T_Assign[משמרת],"ערב",T_Assign[מחלקה],$B$3,T_Assign[תפקיד],A32),0) -> 0 | I32: =IFERROR(SUM(B32:H32),0) -> 0 | J32: =IFERROR(SUMPRODUCT((T_Standards[מחלקה]=$B$3)*(T_Standards[תפקיד]=A32)*(T_Standards[משמרת]="ערב")*T_Standards[תקן])*7,0) -> 0 | K32: =IFERROR(J32-I32,0) -> 0
A33: =IFERROR(INDEX(T_Roles[תפקידים],4),"") -> 0 | B33: =IFERROR(COUNTIFS(T_Assign[תאריך],לוח_שבועי_מחלקה!B6,T_Assign[משמרת],"ערב",T_Assign[מחלקה],$B$3,T_Assign[תפקיד],A33),0) -> 0 | C33: =IFERROR(COUNTIFS(T_Assign[תאריך],לוח_שבועי_מחלקה!C6,T_Assign[משמרת],"ערב",T_Assign[מחלקה],$B$3,T_Assign[תפקיד],A33),0) -> 0 | D33: =IFERROR(COUNTIFS(T_Assign[תאריך],לוח_שבועי_מחלקה!D6,T_Assign[משמרת],"ערב",T_Assign[מחלקה],$B$3,T_Assign[תפקיד],A33),0) -> 0 | E33: =IFERROR(COUNTIFS(T_Assign[תאריך],לוח_שבועי_מחלקה!E6,T_Assign[משמרת],"ערב",T_Assign[מחלקה],$B$3,T_Assign[תפקיד],A33),0) -> 0 | F33: =IFERROR(COUNTIFS(T_Assign[תאריך],לוח_שבועי_מחלקה!F6,T_Assign[משמרת],"ערב",T_Assign[מחלקה],$B$3,T_Assign[תפקיד],A33),0) -> 0 | G33: =IFERROR(COUNTIFS(T_Assign[תאריך],לוח_שבועי_מחלקה!G6,T_Assign[משמרת],"ערב",T_Assign[מחלקה],$B$3,T_Assign[תפקיד],A33),0) -> 0 | H33: =IFERROR(COUNTIFS(T_Assign[תאריך],לוח_שבועי_מחלקה!H6,T_Assign[משמרת],"ערב",T_Assign[מחלקה],$B$3,T_Assign[תפקיד],A33),0) -> 0 | I33: =IFERROR(SUM(B33:H33),0) -> 0 | J33: =IFERROR(SUMPRODUCT((T_Standards[מחלקה]=$B$3)*(T_Standards[תפקיד]=A33)*(T_Standards[משמרת]="ערב")*T_Standards[תקן])*7,0) -> 0 | K33: =IFERROR(J33-I33,0) -> 0
A34: =IFERROR(INDEX(T_Roles[תפקידים],5),"") -> 0 | B34: =IFERROR(COUNTIFS(T_Assign[תאריך],לוח_שבועי_מחלקה!B6,T_Assign[משמרת],"ערב",T_Assign[מחלקה],$B$3,T_Assign[תפקיד],A34),0) -> 0 | C34: =IFERROR(COUNTIFS(T_Assign[תאריך],לוח_שבועי_מחלקה!C6,T_Assign[משמרת],"ערב",T_Assign[מחלקה],$B$3,T_Assign[תפקיד],A34),0) -> 0 | D34: =IFERROR(COUNTIFS(T_Assign[תאריך],לוח_שבועי_מחלקה!D6,T_Assign[משמרת],"ערב",T_Assign[מחלקה],$B$3,T_Assign[תפקיד],A34),0) -> 0 | E34: =IFERROR(COUNTIFS(T_Assign[תאריך],לוח_שבועי_מחלקה!E6,T_Assign[משמרת],"ערב",T_Assign[מחלקה],$B$3,T_Assign[תפקיד],A34),0) -> 0 | F34: =IFERROR(COUNTIFS(T_Assign[תאריך],לוח_שבועי_מחלקה!F6,T_Assign[משמרת],"ערב",T_Assign[מחלקה],$B$3,T_Assign[תפקיד],A34),0) -> 0 | G34: =IFERROR(COUNTIFS(T_Assign[תאריך],לוח_שבועי_מחלקה!G6,T_Assign[משמרת],"ערב",T_Assign[מחלקה],$B$3,T_Assign[תפקיד],A34),0) -> 0 | H34: =IFERROR(COUNTIFS(T_Assign[תאריך],לוח_שבועי_מחלקה!H6,T_Assign[משמרת],"ערב",T_Assign[מחלקה],$B$3,T_Assign[תפקיד],A34),0) -> 0 | I34: =IFERROR(SUM(B34:H34),0) -> 0 | J34: =IFERROR(SUMPRODUCT((T_Standards[מחלקה]=$B$3)*(T_Standards[תפקיד]=A34)*(T_Standards[משמרת]="ערב")*T_Standards[תקן])*7,0) -> 0 | K34: =IFERROR(J34-I34,0) -> 0
A35: =IFERROR(INDEX(T_Roles[תפקידים],6),"") -> 0 | B35: =IFERROR(COUNTIFS(T_Assign[תאריך],לוח_שבועי_מחלקה!B6,T_Assign[משמרת],"ערב",T_Assign[מחלקה],$B$3,T_Assign[תפקיד],A35),0) -> 0 | C35: =IFERROR(COUNTIFS(T_Assign[תאריך],לוח_שבועי_מחלקה!C6,T_Assign[משמרת],"ערב",T_Assign[מחלקה],$B$3,T_Assign[תפקיד],A35),0) -> 0 | D35: =IFERROR(COUNTIFS(T_Assign[תאריך],לוח_שבועי_מחלקה!D6,T_Assign[משמרת],"ערב",T_Assign[מחלקה],$B$3,T_Assign[תפקיד],A35),0) -> 0 | E35: =IFERROR(COUNTIFS(T_Assign[תאריך],לוח_שבועי_מחלקה!E6,T_Assign[משמרת],"ערב",T_Assign[מחלקה],$B$3,T_Assign[תפקיד],A35),0) -> 0 | F35: =IFERROR(COUNTIFS(T_Assign[תאריך],לוח_שבועי_מחלקה!F6,T_Assign[משמרת],"ערב",T_Assign[מחלקה],$B$3,T_Assign[תפקיד],A35),0) -> 0 | G35: =IFERROR(COUNTIFS(T_Assign[תאריך],לוח_שבועי_מחלקה!G6,T_Assign[משמרת],"ערב",T_Assign[מחלקה],$B$3,T_Assign[תפקיד],A35),0) -> 0 | H35: =IFERROR(COUNTIFS(T_Assign[תאריך],לוח_שבועי_מחלקה!H6,T_Assign[משמרת],"ערב",T_Assign[מחלקה],$B$3,T_Assign[תפקיד],A35),0) -> 0 | I35: =IFERROR(SUM(B35:H35),0) -> 0 | J35: =IFERROR(SUMPRODUCT((T_Standards[מחלקה]=$B$3)*(T_Standards[תפקיד]=A35)*(T_Standards[משמרת]="ערב")*T_Standards[תקן])*7,0) -> 0 | K35: =IFERROR(J35-I35,0) -> 0
A36: =IFERROR(INDEX(T_Roles[תפקידים],7),"") -> 0 | B36: =IFERROR(COUNTIFS(T_Assign[תאריך],לוח_שבועי_מחלקה!B6,T_Assign[משמרת],"ערב",T_Assign[מחלקה],$B$3,T_Assign[תפקיד],A36),0) -> 0 | C36: =IFERROR(COUNTIFS(T_Assign[תאריך],לוח_שבועי_מחלקה!C6,T_Assign[משמרת],"ערב",T_Assign[מחלקה],$B$3,T_Assign[תפקיד],A36),0) -> 0 | D36: =IFERROR(COUNTIFS(T_Assign[תאריך],לוח_שבועי_מחלקה!D6,T_Assign[משמרת],"ערב",T_Assign[מחלקה],$B$3,T_Assign[תפקיד],A36),0) -> 0 | E36: =IFERROR(COUNTIFS(T_Assign[תאריך],לוח_שבועי_מחלקה!E6,T_Assign[משמרת],"ערב",T_Assign[מחלקה],$B$3,T_Assign[תפקיד],A36),0) -> 0 | F36: =IFERROR(COUNTIFS(T_Assign[תאריך],לוח_שבועי_מחלקה!F6,T_Assign[משמרת],"ערב",T_Assign[מחלקה],$B$3,T_Assign[תפקיד],A36),0) -> 0 | G36: =IFERROR(COUNTIFS(T_Assign[תאריך],לוח_שבועי_מחלקה!G6,T_Assign[משמרת],"ערב",T_Assign[מחלקה],$B$3,T_Assign[תפקיד],A36),0) -> 0 | H36: =IFERROR(COUNTIFS(T_Assign[תאריך],לוח_שבועי_מחלקה!H6,T_Assign[משמרת],"ערב",T_Assign[מחלקה],$B$3,T_Assign[תפקיד],A36),0) -> 0 | I36: =IFERROR(SUM(B36:H36),0) -> 0 | J36: =IFERROR(SUMPRODUCT((T_Standards[מחלקה]=$B$3)*(T_Standards[תפקיד]=A36)*(T_Standards[משמרת]="ערב")*T_Standards[תקן])*7,0) -> 0 | K36: =IFERROR(J36-I36,0) -> 0
A37: =IFERROR(INDEX(T_Roles[תפקידים],8),"") -> 0 | B37: =IFERROR(COUNTIFS(T_Assign[תאריך],לוח_שבועי_מחלקה!B6,T_Assign[משמרת],"ערב",T_Assign[מחלקה],$B$3,T_Assign[תפקיד],A37),0) -> 0 | C37: =IFERROR(COUNTIFS(T_Assign[תאריך],לוח_שבועי_מחלקה!C6,T_Assign[משמרת],"ערב",T_Assign[מחלקה],$B$3,T_Assign[תפקיד],A37),0) -> 0 | D37: =IFERROR(COUNTIFS(T_Assign[תאריך],לוח_שבועי_מחלקה!D6,T_Assign[משמרת],"ערב",T_Assign[מחלקה],$B$3,T_Assign[תפקיד],A37),0) -> 0 | E37: =IFERROR(COUNTIFS(T_Assign[תאריך],לוח_שבועי_מחלקה!E6,T_Assign[משמרת],"ערב",T_Assign[מחלקה],$B$3,T_Assign[תפקיד],A37),0) -> 0 | F37: =IFERROR(COUNTIFS(T_Assign[תאריך],לוח_שבועי_מחלקה!F6,T_Assign[משמרת],"ערב",T_Assign[מחלקה],$B$3,T_Assign[תפקיד],A37),0) -> 0 | G37: =IFERROR(COUNTIFS(T_Assign[תאריך],לוח_שבועי_מחלקה!G6,T_Assign[משמרת],"ערב",T_Assign[מחלקה],$B$3,T_Assign[תפקיד],A37),0) -> 0 | H37: =IFERROR(COUNTIFS(T_Assign[תאריך],לוח_שבועי_מחלקה!H6,T_Assign[משמרת],"ערב",T_Assign[מחלקה],$B$3,T_Assign[תפקיד],A37),0) -> 0 | I37: =IFERROR(SUM(B37:H37),0) -> 0 | J37: =IFERROR(SUMPRODUCT((T_Standards[מחלקה]=$B$3)*(T_Standards[תפקיד]=A37)*(T_Standards[משמרת]="ערב")*T_Standards[תקן])*7,0) -> 0 | K37: =IFERROR(J37-I37,0) -> 0
A38: סה״כ ערב | B38: =IFERROR(SUM(B30:B37),0) -> 0 | C38: =IFERROR(SUM(C30:C37),0) -> 0 | D38: =IFERROR(SUM(D30:D37),0) -> 0 | E38: =IFERROR(SUM(E30:E37),0) -> 0 | F38: =IFERROR(SUM(F30:F37),0) -> 0 | G38: =IFERROR(SUM(G30:G37),0) -> 0 | H38: =IFERROR(SUM(H30:H37),0) -> 0 | I38: =IFERROR(SUM(I30:I37),0) -> 0 | ... K38: =IFERROR(SUM(K30:K37),0) -> 0

Sheet סיכום_יומי
A1: 📊 סיכום יומי מספרי — כמות אנשים לפי מחלקה ומשמרת
A3: תאריך | B3: =הגדרות!$C$3 -> 46096
A5: מחלקה | B5: בוקר | C5: אמצע | D5: ערב | E5: סה״כ יומי | F5: תקן כולל | G5: פער | H5: סטטוס
A6: =IFERROR(INDEX(T_Depts[מחלקה],1),"") | B6: =IFERROR(COUNTIFS(T_Assign[תאריך],$B$3,T_Assign[משמרת],"בוקר",T_Assign[מחלקה],$A6),0) -> 0 | C6: =IFERROR(COUNTIFS(T_Assign[תאריך],$B$3,T_Assign[משמרת],"אמצע",T_Assign[מחלקה],$A6),0) -> 0 | D6: =IFERROR(COUNTIFS(T_Assign[תאריך],$B$3,T_Assign[משמרת],"ערב",T_Assign[מחלקה],$A6),0) -> 0 | E6: =IFERROR(SUM(B6:D6),0) -> 0 | F6: =IFERROR(SUMPRODUCT((T_Standards[מחלקה]=$A6)*T_Standards[תקן]),0) -> 0 | G6: =IFERROR(F6-E6,0) -> 0 | H6: =IFERROR(IF($A6="","",IF(G6=0,"✓ מאויש",IF(G6>0,"⚠ חוסר","↑ עודף"))),"")
A7: =IFERROR(INDEX(T_Depts[מחלקה],2),"") | B7: =IFERROR(COUNTIFS(T_Assign[תאריך],$B$3,T_Assign[משמרת],"בוקר",T_Assign[מחלקה],$A7),0) -> 0 | C7: =IFERROR(COUNTIFS(T_Assign[תאריך],$B$3,T_Assign[משמרת],"אמצע",T_Assign[מחלקה],$A7),0) -> 0 | D7: =IFERROR(COUNTIFS(T_Assign[תאריך],$B$3,T_Assign[משמרת],"ערב",T_Assign[מחלקה],$A7),0) -> 0 | E7: =IFERROR(SUM(B7:D7),0) -> 0 | F7: =IFERROR(SUMPRODUCT((T_Standards[מחלקה]=$A7)*T_Standards[תקן]),0) -> 0 | G7: =IFERROR(F7-E7,0) -> 0 | H7: =IFERROR(IF($A7="","",IF(G7=0,"✓ מאויש",IF(G7>0,"⚠ חוסר","↑ עודף"))),"")
A8: =IFERROR(INDEX(T_Depts[מחלקה],3),"") | B8: =IFERROR(COUNTIFS(T_Assign[תאריך],$B$3,T_Assign[משמרת],"בוקר",T_Assign[מחלקה],$A8),0) -> 0 | C8: =IFERROR(COUNTIFS(T_Assign[תאריך],$B$3,T_Assign[משמרת],"אמצע",T_Assign[מחלקה],$A8),0) -> 0 | D8: =IFERROR(COUNTIFS(T_Assign[תאריך],$B$3,T_Assign[משמרת],"ערב",T_Assign[מחלקה],$A8),0) -> 0 | E8: =IFERROR(SUM(B8:D8),0) -> 0 | F8: =IFERROR(SUMPRODUCT((T_Standards[מחלקה]=$A8)*T_Standards[תקן]),0) -> 0 | G8: =IFERROR(F8-E8,0) -> 0 | H8: =IFERROR(IF($A8="","",IF(G8=0,"✓ מאויש",IF(G8>0,"⚠ חוסר","↑ עודף"))),"")
A9: =IFERROR(INDEX(T_Depts[מחלקה],4),"") | B9: =IFERROR(COUNTIFS(T_Assign[תאריך],$B$3,T_Assign[משמרת],"בוקר",T_Assign[מחלקה],$A9),0) -> 0 | C9: =IFERROR(COUNTIFS(T_Assign[תאריך],$B$3,T_Assign[משמרת],"אמצע",T_Assign[מחלקה],$A9),0) -> 0 | D9: =IFERROR(COUNTIFS(T_Assign[תאריך],$B$3,T_Assign[משמרת],"ערב",T_Assign[מחלקה],$A9),0) -> 0 | E9: =IFERROR(SUM(B9:D9),0) -> 0 | F9: =IFERROR(SUMPRODUCT((T_Standards[מחלקה]=$A9)*T_Standards[תקן]),0) -> 0 | G9: =IFERROR(F9-E9,0) -> 0 | H9: =IFERROR(IF($A9="","",IF(G9=0,"✓ מאויש",IF(G9>0,"⚠ חוסר","↑ עודף"))),"")
A10: =IFERROR(INDEX(T_Depts[מחלקה],5),"") | B10: =IFERROR(COUNTIFS(T_Assign[תאריך],$B$3,T_Assign[משמרת],"בוקר",T_Assign[מחלקה],$A10),0) -> 0 | C10: =IFERROR(COUNTIFS(T_Assign[תאריך],$B$3,T_Assign[משמרת],"אמצע",T_Assign[מחלקה],$A10),0) -> 0 | D10: =IFERROR(COUNTIFS(T_Assign[תאריך],$B$3,T_Assign[משמרת],"ערב",T_Assign[מחלקה],$A10),0) -> 0 | E10: =IFERROR(SUM(B10:D10),0) -> 0 | F10: =IFERROR(SUMPRODUCT((T_Standards[מחלקה]=$A10)*T_Standards[תקן]),0) -> 0 | G10: =IFERROR(F10-E10,0) -> 0 | H10: =IFERROR(IF($A10="","",IF(G10=0,"✓ מאויש",IF(G10>0,"⚠ חוסר","↑ עודף"))),"")
A11: =IFERROR(INDEX(T_Depts[מחלקה],6),"") | B11: =IFERROR(COUNTIFS(T_Assign[תאריך],$B$3,T_Assign[משמרת],"בוקר",T_Assign[מחלקה],$A11),0) -> 0 | C11: =IFERROR(COUNTIFS(T_Assign[תאריך],$B$3,T_Assign[משמרת],"אמצע",T_Assign[מחלקה],$A11),0) -> 0 | D11: =IFERROR(COUNTIFS(T_Assign[תאריך],$B$3,T_Assign[משמרת],"ערב",T_Assign[מחלקה],$A11),0) -> 0 | E11: =IFERROR(SUM(B11:D11),0) -> 0 | F11: =IFERROR(SUMPRODUCT((T_Standards[מחלקה]=$A11)*T_Standards[תקן]),0) -> 0 | G11: =IFERROR(F11-E11,0) -> 0 | H11: =IFERROR(IF($A11="","",IF(G11=0,"✓ מאויש",IF(G11>0,"⚠ חוסר","↑ עודף"))),"")
A12: =IFERROR(INDEX(T_Depts[מחלקה],7),"") | B12: =IFERROR(COUNTIFS(T_Assign[תאריך],$B$3,T_Assign[משמרת],"בוקר",T_Assign[מחלקה],$A12),0) -> 0 | C12: =IFERROR(COUNTIFS(T_Assign[תאריך],$B$3,T_Assign[משמרת],"אמצע",T_Assign[מחלקה],$A12),0) -> 0 | D12: =IFERROR(COUNTIFS(T_Assign[תאריך],$B$3,T_Assign[משמרת],"ערב",T_Assign[מחלקה],$A12),0) -> 0 | E12: =IFERROR(SUM(B12:D12),0) -> 0 | F12: =IFERROR(SUMPRODUCT((T_Standards[מחלקה]=$A12)*T_Standards[תקן]),0) -> 0 | G12: =IFERROR(F12-E12,0) -> 0 | H12: =IFERROR(IF($A12="","",IF(G12=0,"✓ מאויש",IF(G12>0,"⚠ חוסר","↑ עודף"))),"")
A13: =IFERROR(INDEX(T_Depts[מחלקה],8),"") | B13: =IFERROR(COUNTIFS(T_Assign[תאריך],$B$3,T_Assign[משמרת],"בוקר",T_Assign[מחלקה],$A13),0) -> 0 | C13: =IFERROR(COUNTIFS(T_Assign[תאריך],$B$3,T_Assign[משמרת],"אמצע",T_Assign[מחלקה],$A13),0) -> 0 | D13: =IFERROR(COUNTIFS(T_Assign[תאריך],$B$3,T_Assign[משמרת],"ערב",T_Assign[מחלקה],$A13),0) -> 0 | E13: =IFERROR(SUM(B13:D13),0) -> 0 | F13: =IFERROR(SUMPRODUCT((T_Standards[מחלקה]=$A13)*T_Standards[תקן]),0) -> 0 | G13: =IFERROR(F13-E13,0) -> 0 | H13: =IFERROR(IF($A13="","",IF(G13=0,"✓ מאויש",IF(G13>0,"⚠ חוסר","↑ עודף"))),"")
A14: =IFERROR(INDEX(T_Depts[מחלקה],9),"") | B14: =IFERROR(COUNTIFS(T_Assign[תאריך],$B$3,T_Assign[משמרת],"בוקר",T_Assign[מחלקה],$A14),0) -> 0 | C14: =IFERROR(COUNTIFS(T_Assign[תאריך],$B$3,T_Assign[משמרת],"אמצע",T_Assign[מחלקה],$A14),0) -> 0 | D14: =IFERROR(COUNTIFS(T_Assign[תאריך],$B$3,T_Assign[משמרת],"ערב",T_Assign[מחלקה],$A14),0) -> 0 | E14: =IFERROR(SUM(B14:D14),0) -> 0 | F14: =IFERROR(SUMPRODUCT((T_Standards[מחלקה]=$A14)*T_Standards[תקן]),0) -> 0 | G14: =IFERROR(F14-E14,0) -> 0 | H14: =IFERROR(IF($A14="","",IF(G14=0,"✓ מאויש",IF(G14>0,"⚠ חוסר","↑ עודף"))),"")
A15: =IFERROR(INDEX(T_Depts[מחלקה],10),"") | B15: =IFERROR(COUNTIFS(T_Assign[תאריך],$B$3,T_Assign[משמרת],"בוקר",T_Assign[מחלקה],$A15),0) -> 0 | C15: =IFERROR(COUNTIFS(T_Assign[תאריך],$B$3,T_Assign[משמרת],"אמצע",T_Assign[מחלקה],$A15),0) -> 0 | D15: =IFERROR(COUNTIFS(T_Assign[תאריך],$B$3,T_Assign[משמרת],"ערב",T_Assign[מחלקה],$A15),0) -> 0 | E15: =IFERROR(SUM(B15:D15),0) -> 0 | F15: =IFERROR(SUMPRODUCT((T_Standards[מחלקה]=$A15)*T_Standards[תקן]),0) -> 0 | G15: =IFERROR(F15-E15,0) -> 0 | H15: =IFERROR(IF($A15="","",IF(G15=0,"✓ מאויש",IF(G15>0,"⚠ חוסר","↑ עודף"))),"")
A16: =IFERROR(INDEX(T_Depts[מחלקה],11),"") | B16: =IFERROR(COUNTIFS(T_Assign[תאריך],$B$3,T_Assign[משמרת],"בוקר",T_Assign[מחלקה],$A16),0) -> 0 | C16: =IFERROR(COUNTIFS(T_Assign[תאריך],$B$3,T_Assign[משמרת],"אמצע",T_Assign[מחלקה],$A16),0) -> 0 | D16: =IFERROR(COUNTIFS(T_Assign[תאריך],$B$3,T_Assign[משמרת],"ערב",T_Assign[מחלקה],$A16),0) -> 0 | E16: =IFERROR(SUM(B16:D16),0) -> 0 | F16: =IFERROR(SUMPRODUCT((T_Standards[מחלקה]=$A16)*T_Standards[תקן]),0) -> 0 | G16: =IFERROR(F16-E16,0) -> 0 | H16: =IFERROR(IF($A16="","",IF(G16=0,"✓ מאויש",IF(G16>0,"⚠ חוסר","↑ עודף"))),"")
A17: =IFERROR(INDEX(T_Depts[מחלקה],12),"") | B17: =IFERROR(COUNTIFS(T_Assign[תאריך],$B$3,T_Assign[משמרת],"בוקר",T_Assign[מחלקה],$A17),0) -> 0 | C17: =IFERROR(COUNTIFS(T_Assign[תאריך],$B$3,T_Assign[משמרת],"אמצע",T_Assign[מחלקה],$A17),0) -> 0 | D17: =IFERROR(COUNTIFS(T_Assign[תאריך],$B$3,T_Assign[משמרת],"ערב",T_Assign[מחלקה],$A17),0) -> 0 | E17: =IFERROR(SUM(B17:D17),0) -> 0 | F17: =IFERROR(SUMPRODUCT((T_Standards[מחלקה]=$A17)*T_Standards[תקן]),0) -> 0 | G17: =IFERROR(F17-E17,0) -> 0 | H17: =IFERROR(IF($A17="","",IF(G17=0,"✓ מאויש",IF(G17>0,"⚠ חוסר","↑ עודף"))),"")
A18: =IFERROR(INDEX(T_Depts[מחלקה],13),"") | B18: =IFERROR(COUNTIFS(T_Assign[תאריך],$B$3,T_Assign[משמרת],"בוקר",T_Assign[מחלקה],$A18),0) -> 0 | C18: =IFERROR(COUNTIFS(T_Assign[תאריך],$B$3,T_Assign[משמרת],"אמצע",T_Assign[מחלקה],$A18),0) -> 0 | D18: =IFERROR(COUNTIFS(T_Assign[תאריך],$B$3,T_Assign[משמרת],"ערב",T_Assign[מחלקה],$A18),0) -> 0 | E18: =IFERROR(SUM(B18:D18),0) -> 0 | F18: =IFERROR(SUMPRODUCT((T_Standards[מחלקה]=$A18)*T_Standards[תקן]),0) -> 0 | G18: =IFERROR(F18-E18,0) -> 0 | H18: =IFERROR(IF($A18="","",IF(G18=0,"✓ מאויש",IF(G18>0,"⚠ חוסר","↑ עודף"))),"")
A19: =IFERROR(INDEX(T_Depts[מחלקה],14),"") | B19: =IFERROR(COUNTIFS(T_Assign[תאריך],$B$3,T_Assign[משמרת],"בוקר",T_Assign[מחלקה],$A19),0) -> 0 | C19: =IFERROR(COUNTIFS(T_Assign[תאריך],$B$3,T_Assign[משמרת],"אמצע",T_Assign[מחלקה],$A19),0) -> 0 | D19: =IFERROR(COUNTIFS(T_Assign[תאריך],$B$3,T_Assign[משמרת],"ערב",T_Assign[מחלקה],$A19),0) -> 0 | E19: =IFERROR(SUM(B19:D19),0) -> 0 | F19: =IFERROR(SUMPRODUCT((T_Standards[מחלקה]=$A19)*T_Standards[תקן]),0) -> 0 | G19: =IFERROR(F19-E19,0) -> 0 | H19: =IFERROR(IF($A19="","",IF(G19=0,"✓ מאויש",IF(G19>0,"⚠ חוסר","↑ עודף"))),"")
A20: =IFERROR(INDEX(T_Depts[מחלקה],15),"") | B20: =IFERROR(COUNTIFS(T_Assign[תאריך],$B$3,T_Assign[משמרת],"בוקר",T_Assign[מחלקה],$A20),0) -> 0 | C20: =IFERROR(COUNTIFS(T_Assign[תאריך],$B$3,T_Assign[משמרת],"אמצע",T_Assign[מחלקה],$A20),0) -> 0 | D20: =IFERROR(COUNTIFS(T_Assign[תאריך],$B$3,T_Assign[משמרת],"ערב",T_Assign[מחלקה],$A20),0) -> 0 | E20: =IFERROR(SUM(B20:D20),0) -> 0 | F20: =IFERROR(SUMPRODUCT((T_Standards[מחלקה]=$A20)*T_Standards[תקן]),0) -> 0 | G20: =IFERROR(F20-E20,0) -> 0 | H20: =IFERROR(IF($A20="","",IF(G20=0,"✓ מאויש",IF(G20>0,"⚠ חוסר","↑ עודף"))),"")
A21: סה״כ | B21: =IFERROR(SUM(B6:B20),0) -> 0 | C21: =IFERROR(SUM(C6:C20),0) -> 0 | D21: =IFERROR(SUM(D6:D20),0) -> 0 | E21: =IFERROR(SUM(E6:E20),0) -> 0 | F21: =IFERROR(SUM(F6:F20),0) -> 0 | G21: =IFERROR(SUM(G6:G20),0) -> 0

Sheet סיכום_שבועי
A1: 📊 סיכום שבועי מספרי — לפי מחלקה ולכלל המחלקות
A3: שבוע: | B3: =הגדרות!$C$3 -> 46096 | C3: עד: | D3: =הגדרות!$C$3+6 -> 46102
A5: מחלקה | B5: בוקר שובצו | C5: אמצע שובצו | D5: ערב שובצו | E5: סה״כ שובצו | F5: תקן שבועי | G5: פער | H5: % מילוי | I5: עודף/חוסר
A6: =IFERROR(INDEX(T_Depts[מחלקה],1),"") | B6: =IFERROR(COUNTIFS(T_Assign[תאריך],">="&$B$3,T_Assign[תאריך],"<="&$D$3,T_Assign[משמרת],"בוקר",T_Assign[מחלקה],$A6),0) -> 0 | C6: =IFERROR(COUNTIFS(T_Assign[תאריך],">="&$B$3,T_Assign[תאריך],"<="&$D$3,T_Assign[משמרת],"אמצע",T_Assign[מחלקה],$A6),0) -> 0 | D6: =IFERROR(COUNTIFS(T_Assign[תאריך],">="&$B$3,T_Assign[תאריך],"<="&$D$3,T_Assign[משמרת],"ערב",T_Assign[מחלקה],$A6),0) -> 0 | E6: =IFERROR(SUM(B6:D6),0) -> 0 | F6: =IFERROR(SUMPRODUCT((T_Standards[מחלקה]=$A6)*T_Standards[תקן])*7,0) -> 0 | G6: =IFERROR(F6-E6,0) -> 0 | H6: =IFERROR(IF(F6=0,0,E6/F6),0) -> 0 | I6: =IFERROR(IF(G6>0,"⚠ חוסר של "&G6,IF(G6<0,"↑ עודף של "&ABS(G6),"✓ מאויש")),"") -> ✓ מאויש
A7: =IFERROR(INDEX(T_Depts[מחלקה],2),"") | B7: =IFERROR(COUNTIFS(T_Assign[תאריך],">="&$B$3,T_Assign[תאריך],"<="&$D$3,T_Assign[משמרת],"בוקר",T_Assign[מחלקה],$A7),0) -> 0 | C7: =IFERROR(COUNTIFS(T_Assign[תאריך],">="&$B$3,T_Assign[תאריך],"<="&$D$3,T_Assign[משמרת],"אמצע",T_Assign[מחלקה],$A7),0) -> 0 | D7: =IFERROR(COUNTIFS(T_Assign[תאריך],">="&$B$3,T_Assign[תאריך],"<="&$D$3,T_Assign[משמרת],"ערב",T_Assign[מחלקה],$A7),0) -> 0 | E7: =IFERROR(SUM(B7:D7),0) -> 0 | F7: =IFERROR(SUMPRODUCT((T_Standards[מחלקה]=$A7)*T_Standards[תקן])*7,0) -> 0 | G7: =IFERROR(F7-E7,0) -> 0 | H7: =IFERROR(IF(F7=0,0,E7/F7),0) -> 0 | I7: =IFERROR(IF(G7>0,"⚠ חוסר של "&G7,IF(G7<0,"↑ עודף של "&ABS(G7),"✓ מאויש")),"") -> ✓ מאויש
A8: =IFERROR(INDEX(T_Depts[מחלקה],3),"") | B8: =IFERROR(COUNTIFS(T_Assign[תאריך],">="&$B$3,T_Assign[תאריך],"<="&$D$3,T_Assign[משמרת],"בוקר",T_Assign[מחלקה],$A8),0) -> 0 | C8: =IFERROR(COUNTIFS(T_Assign[תאריך],">="&$B$3,T_Assign[תאריך],"<="&$D$3,T_Assign[משמרת],"אמצע",T_Assign[מחלקה],$A8),0) -> 0 | D8: =IFERROR(COUNTIFS(T_Assign[תאריך],">="&$B$3,T_Assign[תאריך],"<="&$D$3,T_Assign[משמרת],"ערב",T_Assign[מחלקה],$A8),0) -> 0 | E8: =IFERROR(SUM(B8:D8),0) -> 0 | F8: =IFERROR(SUMPRODUCT((T_Standards[מחלקה]=$A8)*T_Standards[תקן])*7,0) -> 0 | G8: =IFERROR(F8-E8,0) -> 0 | H8: =IFERROR(IF(F8=0,0,E8/F8),0) -> 0 | I8: =IFERROR(IF(G8>0,"⚠ חוסר של "&G8,IF(G8<0,"↑ עודף של "&ABS(G8),"✓ מאויש")),"") -> ✓ מאויש
A9: =IFERROR(INDEX(T_Depts[מחלקה],4),"") | B9: =IFERROR(COUNTIFS(T_Assign[תאריך],">="&$B$3,T_Assign[תאריך],"<="&$D$3,T_Assign[משמרת],"בוקר",T_Assign[מחלקה],$A9),0) -> 0 | C9: =IFERROR(COUNTIFS(T_Assign[תאריך],">="&$B$3,T_Assign[תאריך],"<="&$D$3,T_Assign[משמרת],"אמצע",T_Assign[מחלקה],$A9),0) -> 0 | D9: =IFERROR(COUNTIFS(T_Assign[תאריך],">="&$B$3,T_Assign[תאריך],"<="&$D$3,T_Assign[משמרת],"ערב",T_Assign[מחלקה],$A9),0) -> 0 | E9: =IFERROR(SUM(B9:D9),0) -> 0 | F9: =IFERROR(SUMPRODUCT((T_Standards[מחלקה]=$A9)*T_Standards[תקן])*7,0) -> 0 | G9: =IFERROR(F9-E9,0) -> 0 | H9: =IFERROR(IF(F9=0,0,E9/F9),0) -> 0 | I9: =IFERROR(IF(G9>0,"⚠ חוסר של "&G9,IF(G9<0,"↑ עודף של "&ABS(G9),"✓ מאויש")),"") -> ✓ מאויש
A10: =IFERROR(INDEX(T_Depts[מחלקה],5),"") | B10: =IFERROR(COUNTIFS(T_Assign[תאריך],">="&$B$3,T_Assign[תאריך],"<="&$D$3,T_Assign[משמרת],"בוקר",T_Assign[מחלקה],$A10),0) -> 0 | C10: =IFERROR(COUNTIFS(T_Assign[תאריך],">="&$B$3,T_Assign[תאריך],"<="&$D$3,T_Assign[משמרת],"אמצע",T_Assign[מחלקה],$A10),0) -> 0 | D10: =IFERROR(COUNTIFS(T_Assign[תאריך],">="&$B$3,T_Assign[תאריך],"<="&$D$3,T_Assign[משמרת],"ערב",T_Assign[מחלקה],$A10),0) -> 0 | E10: =IFERROR(SUM(B10:D10),0) -> 0 | F10: =IFERROR(SUMPRODUCT((T_Standards[מחלקה]=$A10)*T_Standards[תקן])*7,0) -> 0 | G10: =IFERROR(F10-E10,0) -> 0 | H10: =IFERROR(IF(F10=0,0,E10/F10),0) -> 0 | I10: =IFERROR(IF(G10>0,"⚠ חוסר של "&G10,IF(G10<0,"↑ עודף של "&ABS(G10),"✓ מאויש")),"") -> ✓ מאויש
A11: =IFERROR(INDEX(T_Depts[מחלקה],6),"") | B11: =IFERROR(COUNTIFS(T_Assign[תאריך],">="&$B$3,T_Assign[תאריך],"<="&$D$3,T_Assign[משמרת],"בוקר",T_Assign[מחלקה],$A11),0) -> 0 | C11: =IFERROR(COUNTIFS(T_Assign[תאריך],">="&$B$3,T_Assign[תאריך],"<="&$D$3,T_Assign[משמרת],"אמצע",T_Assign[מחלקה],$A11),0) -> 0 | D11: =IFERROR(COUNTIFS(T_Assign[תאריך],">="&$B$3,T_Assign[תאריך],"<="&$D$3,T_Assign[משמרת],"ערב",T_Assign[מחלקה],$A11),0) -> 0 | E11: =IFERROR(SUM(B11:D11),0) -> 0 | F11: =IFERROR(SUMPRODUCT((T_Standards[מחלקה]=$A11)*T_Standards[תקן])*7,0) -> 0 | G11: =IFERROR(F11-E11,0) -> 0 | H11: =IFERROR(IF(F11=0,0,E11/F11),0) -> 0 | I11: =IFERROR(IF(G11>0,"⚠ חוסר של "&G11,IF(G11<0,"↑ עודף של "&ABS(G11),"✓ מאויש")),"") -> ✓ מאויש
A12: =IFERROR(INDEX(T_Depts[מחלקה],7),"") | B12: =IFERROR(COUNTIFS(T_Assign[תאריך],">="&$B$3,T_Assign[תאריך],"<="&$D$3,T_Assign[משמרת],"בוקר",T_Assign[מחלקה],$A12),0) -> 0 | C12: =IFERROR(COUNTIFS(T_Assign[תאריך],">="&$B$3,T_Assign[תאריך],"<="&$D$3,T_Assign[משמרת],"אמצע",T_Assign[מחלקה],$A12),0) -> 0 | D12: =IFERROR(COUNTIFS(T_Assign[תאריך],">="&$B$3,T_Assign[תאריך],"<="&$D$3,T_Assign[משמרת],"ערב",T_Assign[מחלקה],$A12),0) -> 0 | E12: =IFERROR(SUM(B12:D12),0) -> 0 | F12: =IFERROR(SUMPRODUCT((T_Standards[מחלקה]=$A12)*T_Standards[תקן])*7,0) -> 0 | G12: =IFERROR(F12-E12,0) -> 0 | H12: =IFERROR(IF(F12=0,0,E12/F12),0) -> 0 | I12: =IFERROR(IF(G12>0,"⚠ חוסר של "&G12,IF(G12<0,"↑ עודף של "&ABS(G12),"✓ מאויש")),"") -> ✓ מאויש
A13: =IFERROR(INDEX(T_Depts[מחלקה],8),"") | B13: =IFERROR(COUNTIFS(T_Assign[תאריך],">="&$B$3,T_Assign[תאריך],"<="&$D$3,T_Assign[משמרת],"בוקר",T_Assign[מחלקה],$A13),0) -> 0 | C13: =IFERROR(COUNTIFS(T_Assign[תאריך],">="&$B$3,T_Assign[תאריך],"<="&$D$3,T_Assign[משמרת],"אמצע",T_Assign[מחלקה],$A13),0) -> 0 | D13: =IFERROR(COUNTIFS(T_Assign[תאריך],">="&$B$3,T_Assign[תאריך],"<="&$D$3,T_Assign[משמרת],"ערב",T_Assign[מחלקה],$A13),0) -> 0 | E13: =IFERROR(SUM(B13:D13),0) -> 0 | F13: =IFERROR(SUMPRODUCT((T_Standards[מחלקה]=$A13)*T_Standards[תקן])*7,0) -> 0 | G13: =IFERROR(F13-E13,0) -> 0 | H13: =IFERROR(IF(F13=0,0,E13/F13),0) -> 0 | I13: =IFERROR(IF(G13>0,"⚠ חוסר של "&G13,IF(G13<0,"↑ עודף של "&ABS(G13),"✓ מאויש")),"") -> ✓ מאויש
A14: =IFERROR(INDEX(T_Depts[מחלקה],9),"") | B14: =IFERROR(COUNTIFS(T_Assign[תאריך],">="&$B$3,T_Assign[תאריך],"<="&$D$3,T_Assign[משמרת],"בוקר",T_Assign[מחלקה],$A14),0) -> 0 | C14: =IFERROR(COUNTIFS(T_Assign[תאריך],">="&$B$3,T_Assign[תאריך],"<="&$D$3,T_Assign[משמרת],"אמצע",T_Assign[מחלקה],$A14),0) -> 0 | D14: =IFERROR(COUNTIFS(T_Assign[תאריך],">="&$B$3,T_Assign[תאריך],"<="&$D$3,T_Assign[משמרת],"ערב",T_Assign[מחלקה],$A14),0) -> 0 | E14: =IFERROR(SUM(B14:D14),0) -> 0 | F14: =IFERROR(SUMPRODUCT((T_Standards[מחלקה]=$A14)*T_Standards[תקן])*7,0) -> 0 | G14: =IFERROR(F14-E14,0) -> 0 | H14: =IFERROR(IF(F14=0,0,E14/F14),0) -> 0 | I14: =IFERROR(IF(G14>0,"⚠ חוסר של "&G14,IF(G14<0,"↑ עודף של "&ABS(G14),"✓ מאויש")),"") -> ✓ מאויש
A15: =IFERROR(INDEX(T_Depts[מחלקה],10),"") | B15: =IFERROR(COUNTIFS(T_Assign[תאריך],">="&$B$3,T_Assign[תאריך],"<="&$D$3,T_Assign[משמרת],"בוקר",T_Assign[מחלקה],$A15),0) -> 0 | C15: =IFERROR(COUNTIFS(T_Assign[תאריך],">="&$B$3,T_Assign[תאריך],"<="&$D$3,T_Assign[משמרת],"אמצע",T_Assign[מחלקה],$A15),0) -> 0 | D15: =IFERROR(COUNTIFS(T_Assign[תאריך],">="&$B$3,T_Assign[תאריך],"<="&$D$3,T_Assign[משמרת],"ערב",T_Assign[מחלקה],$A15),0) -> 0 | E15: =IFERROR(SUM(B15:D15),0) -> 0 | F15: =IFERROR(SUMPRODUCT((T_Standards[מחלקה]=$A15)*T_Standards[תקן])*7,0) -> 0 | G15: =IFERROR(F15-E15,0) -> 0 | H15: =IFERROR(IF(F15=0,0,E15/F15),0) -> 0 | I15: =IFERROR(IF(G15>0,"⚠ חוסר של "&G15,IF(G15<0,"↑ עודף של "&ABS(G15),"✓ מאויש")),"") -> ✓ מאויש
A16: =IFERROR(INDEX(T_Depts[מחלקה],11),"") | B16: =IFERROR(COUNTIFS(T_Assign[תאריך],">="&$B$3,T_Assign[תאריך],"<="&$D$3,T_Assign[משמרת],"בוקר",T_Assign[מחלקה],$A16),0) -> 0 | C16: =IFERROR(COUNTIFS(T_Assign[תאריך],">="&$B$3,T_Assign[תאריך],"<="&$D$3,T_Assign[משמרת],"אמצע",T_Assign[מחלקה],$A16),0) -> 0 | D16: =IFERROR(COUNTIFS(T_Assign[תאריך],">="&$B$3,T_Assign[תאריך],"<="&$D$3,T_Assign[משמרת],"ערב",T_Assign[מחלקה],$A16),0) -> 0 | E16: =IFERROR(SUM(B16:D16),0) -> 0 | F16: =IFERROR(SUMPRODUCT((T_Standards[מחלקה]=$A16)*T_Standards[תקן])*7,0) -> 0 | G16: =IFERROR(F16-E16,0) -> 0 | H16: =IFERROR(IF(F16=0,0,E16/F16),0) -> 0 | I16: =IFERROR(IF(G16>0,"⚠ חוסר של "&G16,IF(G16<0,"↑ עודף של "&ABS(G16),"✓ מאויש")),"") -> ✓ מאויש
A17: =IFERROR(INDEX(T_Depts[מחלקה],12),"") | B17: =IFERROR(COUNTIFS(T_Assign[תאריך],">="&$B$3,T_Assign[תאריך],"<="&$D$3,T_Assign[משמרת],"בוקר",T_Assign[מחלקה],$A17),0) -> 0 | C17: =IFERROR(COUNTIFS(T_Assign[תאריך],">="&$B$3,T_Assign[תאריך],"<="&$D$3,T_Assign[משמרת],"אמצע",T_Assign[מחלקה],$A17),0) -> 0 | D17: =IFERROR(COUNTIFS(T_Assign[תאריך],">="&$B$3,T_Assign[תאריך],"<="&$D$3,T_Assign[משמרת],"ערב",T_Assign[מחלקה],$A17),0) -> 0 | E17: =IFERROR(SUM(B17:D17),0) -> 0 | F17: =IFERROR(SUMPRODUCT((T_Standards[מחלקה]=$A17)*T_Standards[תקן])*7,0) -> 0 | G17: =IFERROR(F17-E17,0) -> 0 | H17: =IFERROR(IF(F17=0,0,E17/F17),0) -> 0 | I17: =IFERROR(IF(G17>0,"⚠ חוסר של "&G17,IF(G17<0,"↑ עודף של "&ABS(G17),"✓ מאויש")),"") -> ✓ מאויש
A18: =IFERROR(INDEX(T_Depts[מחלקה],13),"") | B18: =IFERROR(COUNTIFS(T_Assign[תאריך],">="&$B$3,T_Assign[תאריך],"<="&$D$3,T_Assign[משמרת],"בוקר",T_Assign[מחלקה],$A18),0) -> 0 | C18: =IFERROR(COUNTIFS(T_Assign[תאריך],">="&$B$3,T_Assign[תאריך],"<="&$D$3,T_Assign[משמרת],"אמצע",T_Assign[מחלקה],$A18),0) -> 0 | D18: =IFERROR(COUNTIFS(T_Assign[תאריך],">="&$B$3,T_Assign[תאריך],"<="&$D$3,T_Assign[משמרת],"ערב",T_Assign[מחלקה],$A18),0) -> 0 | E18: =IFERROR(SUM(B18:D18),0) -> 0 | F18: =IFERROR(SUMPRODUCT((T_Standards[מחלקה]=$A18)*T_Standards[תקן])*7,0) -> 0 | G18: =IFERROR(F18-E18,0) -> 0 | H18: =IFERROR(IF(F18=0,0,E18/F18),0) -> 0 | I18: =IFERROR(IF(G18>0,"⚠ חוסר של "&G18,IF(G18<0,"↑ עודף של "&ABS(G18),"✓ מאויש")),"") -> ✓ מאויש
A19: =IFERROR(INDEX(T_Depts[מחלקה],14),"") | B19: =IFERROR(COUNTIFS(T_Assign[תאריך],">="&$B$3,T_Assign[תאריך],"<="&$D$3,T_Assign[משמרת],"בוקר",T_Assign[מחלקה],$A19),0) -> 0 | C19: =IFERROR(COUNTIFS(T_Assign[תאריך],">="&$B$3,T_Assign[תאריך],"<="&$D$3,T_Assign[משמרת],"אמצע",T_Assign[מחלקה],$A19),0) -> 0 | D19: =IFERROR(COUNTIFS(T_Assign[תאריך],">="&$B$3,T_Assign[תאריך],"<="&$D$3,T_Assign[משמרת],"ערב",T_Assign[מחלקה],$A19),0) -> 0 | E19: =IFERROR(SUM(B19:D19),0) -> 0 | F19: =IFERROR(SUMPRODUCT((T_Standards[מחלקה]=$A19)*T_Standards[תקן])*7,0) -> 0 | G19: =IFERROR(F19-E19,0) -> 0 | H19: =IFERROR(IF(F19=0,0,E19/F19),0) -> 0 | I19: =IFERROR(IF(G19>0,"⚠ חוסר של "&G19,IF(G19<0,"↑ עודף של "&ABS(G19),"✓ מאויש")),"") -> ✓ מאויש
A20: =IFERROR(INDEX(T_Depts[מחלקה],15),"") | B20: =IFERROR(COUNTIFS(T_Assign[תאריך],">="&$B$3,T_Assign[תאריך],"<="&$D$3,T_Assign[משמרת],"בוקר",T_Assign[מחלקה],$A20),0) -> 0 | C20: =IFERROR(COUNTIFS(T_Assign[תאריך],">="&$B$3,T_Assign[תאריך],"<="&$D$3,T_Assign[משמרת],"אמצע",T_Assign[מחלקה],$A20),0) -> 0 | D20: =IFERROR(COUNTIFS(T_Assign[תאריך],">="&$B$3,T_Assign[תאריך],"<="&$D$3,T_Assign[משמרת],"ערב",T_Assign[מחלקה],$A20),0) -> 0 | E20: =IFERROR(SUM(B20:D20),0) -> 0 | F20: =IFERROR(SUMPRODUCT((T_Standards[מחלקה]=$A20)*T_Standards[תקן])*7,0) -> 0 | G20: =IFERROR(F20-E20,0) -> 0 | H20: =IFERROR(IF(F20=0,0,E20/F20),0) -> 0 | I20: =IFERROR(IF(G20>0,"⚠ חוסר של "&G20,IF(G20<0,"↑ עודף של "&ABS(G20),"✓ מאויש")),"") -> ✓ מאויש
A21: סה״כ | B21: =IFERROR(SUM(B6:B20),0) -> 0 | C21: =IFERROR(SUM(C6:C20),0) -> 0 | D21: =IFERROR(SUM(D6:D20),0) -> 0 | E21: =IFERROR(SUM(E6:E20),0) -> 0 | F21: =IFERROR(SUM(F6:F20),0) -> 0 | G21: =IFERROR(SUM(G6:G20),0) -> 0

Sheet התרעות_עומס
A1: ⚡ התרעות עומס — רצף 7+ משמרות רצופות
A2: הגיליון עוקב אחרי עובדים שהגיעו לרצף 7 משמרות רצופות. עדכן את טווח התאריכים לבדיקה.
A4: מתאריך: | B4: =הגדרות!$C$3-30 -> 46066 | D4: עד תאריך: | E4: =הגדרות!$C$3+6 -> 46102 | G4: סף משמרות: | H4: =הגדרות!$C$14 -> 7
A6: שם עובד/יועץ | B6: סוג | C6: מחלקה | D6: משמרות בתקופה | E6: מקס׳ רצף | F6: אירועי עומס | G6: תאריך ראשון | H6: תאריך אחרון | I6: סטטוס | J6: פירוט
A7: =IFERROR(IF(נתוני_בסיס!$Y$3="","",נתוני_בסיס!$Y$3),"") | B7: =IFERROR(IF(A7="","",IF(COUNTIF(T_Consultants[שם יועץ],A7)>0,"יועץ","עובד")),"") | C7: =IFERROR(IF(A7="","",IFERROR(INDEX(T_Employees[מחלקה],MATCH(A7,T_Employees[שם],0)),INDEX(T_Consultants[מחלקה],MATCH(A7,T_Consultants[שם יועץ],0)))),"") | D7: =IFERROR(IF(A7="","",COUNTIFS(T_Assign[שם],A7,T_Assign[תאריך],">="&$B$4,T_Assign[תאריך],"<="&$E$4)),0) | E7: =IFERROR(IF(A7="","",D7),0) | F7: =IFERROR(IF(A7="","",INT(D7/הגדרות!$C$14)),0) | G7: =IFERROR(IF(A7="","",minifs(T_Assign[תאריך],T_Assign[שם],A7,T_Assign[תאריך],">="&$B$4)),"") | H7: =IFERROR(IF(A7="","",maxifs(T_Assign[תאריך],T_Assign[שם],A7,T_Assign[תאריך],"<="&$E$4)),"") | I7: =IFERROR(IF(A7="","",IF(D7>=הגדרות!$C$14,"⚡ עומס!","✓ תקין")),"") | J7: =IFERROR(IF(A7="","",IF(D7>=הגדרות!$C$14,D7&" משמרות — "&TEXT(G7,"DD/MM/YY")&" עד "&TEXT(H7,"DD/MM/YY"),"")),"")
A8: =IFERROR(IF(נתוני_בסיס!$Y$4="","",נתוני_בסיס!$Y$4),"") | B8: =IFERROR(IF(A8="","",IF(COUNTIF(T_Consultants[שם יועץ],A8)>0,"יועץ","עובד")),"") | C8: =IFERROR(IF(A8="","",IFERROR(INDEX(T_Employees[מחלקה],MATCH(A8,T_Employees[שם],0)),INDEX(T_Consultants[מחלקה],MATCH(A8,T_Consultants[שם יועץ],0)))),"") | D8: =IFERROR(IF(A8="","",COUNTIFS(T_Assign[שם],A8,T_Assign[תאריך],">="&$B$4,T_Assign[תאריך],"<="&$E$4)),0) | E8: =IFERROR(IF(A8="","",D8),0) | F8: =IFERROR(IF(A8="","",INT(D8/הגדרות!$C$14)),0) | G8: =IFERROR(IF(A8="","",minifs(T_Assign[תאריך],T_Assign[שם],A8,T_Assign[תאריך],">="&$B$4)),"") | H8: =IFERROR(IF(A8="","",maxifs(T_Assign[תאריך],T_Assign[שם],A8,T_Assign[תאריך],"<="&$E$4)),"") | I8: =IFERROR(IF(A8="","",IF(D8>=הגדרות!$C$14,"⚡ עומס!","✓ תקין")),"") | J8: =IFERROR(IF(A8="","",IF(D8>=הגדרות!$C$14,D8&" משמרות — "&TEXT(G8,"DD/MM/YY")&" עד "&TEXT(H8,"DD/MM/YY"),"")),"")
A9: =IFERROR(IF(נתוני_בסיס!$Y$5="","",נתוני_בסיס!$Y$5),"") | B9: =IFERROR(IF(A9="","",IF(COUNTIF(T_Consultants[שם יועץ],A9)>0,"יועץ","עובד")),"") | C9: =IFERROR(IF(A9="","",IFERROR(INDEX(T_Employees[מחלקה],MATCH(A9,T_Employees[שם],0)),INDEX(T_Consultants[מחלקה],MATCH(A9,T_Consultants[שם יועץ],0)))),"") | D9: =IFERROR(IF(A9="","",COUNTIFS(T_Assign[שם],A9,T_Assign[תאריך],">="&$B$4,T_Assign[תאריך],"<="&$E$4)),0) | E9: =IFERROR(IF(A9="","",D9),0) | F9: =IFERROR(IF(A9="","",INT(D9/הגדרות!$C$14)),0) | G9: =IFERROR(IF(A9="","",minifs(T_Assign[תאריך],T_Assign[שם],A9,T_Assign[תאריך],">="&$B$4)),"") | H9: =IFERROR(IF(A9="","",maxifs(T_Assign[תאריך],T_Assign[שם],A9,T_Assign[תאריך],"<="&$E$4)),"") | I9: =IFERROR(IF(A9="","",IF(D9>=הגדרות!$C$14,"⚡ עומס!","✓ תקין")),"") | J9: =IFERROR(IF(A9="","",IF(D9>=הגדרות!$C$14,D9&" משמרות — "&TEXT(G9,"DD/MM/YY")&" עד "&TEXT(H9,"DD/MM/YY"),"")),"")
A10: =IFERROR(IF(נתוני_בסיס!$Y$6="","",נתוני_בסיס!$Y$6),"") | B10: =IFERROR(IF(A10="","",IF(COUNTIF(T_Consultants[שם יועץ],A10)>0,"יועץ","עובד")),"") | C10: =IFERROR(IF(A10="","",IFERROR(INDEX(T_Employees[מחלקה],MATCH(A10,T_Employees[שם],0)),INDEX(T_Consultants[מחלקה],MATCH(A10,T_Consultants[שם יועץ],0)))),"") | D10: =IFERROR(IF(A10="","",COUNTIFS(T_Assign[שם],A10,T_Assign[תאריך],">="&$B$4,T_Assign[תאריך],"<="&$E$4)),0) | E10: =IFERROR(IF(A10="","",D10),0) | F10: =IFERROR(IF(A10="","",INT(D10/הגדרות!$C$14)),0) | G10: =IFERROR(IF(A10="","",minifs(T_Assign[תאריך],T_Assign[שם],A10,T_Assign[תאריך],">="&$B$4)),"") | H10: =IFERROR(IF(A10="","",maxifs(T_Assign[תאריך],T_Assign[שם],A10,T_Assign[תאריך],"<="&$E$4)),"") | I10: =IFERROR(IF(A10="","",IF(D10>=הגדרות!$C$14,"⚡ עומס!","✓ תקין")),"") | J10: =IFERROR(IF(A10="","",IF(D10>=הגדרות!$C$14,D10&" משמרות — "&TEXT(G10,"DD/MM/YY")&" עד "&TEXT(H10,"DD/MM/YY"),"")),"")
A11: =IFERROR(IF(נתוני_בסיס!$Y$7="","",נתוני_בסיס!$Y$7),"") | B11: =IFERROR(IF(A11="","",IF(COUNTIF(T_Consultants[שם יועץ],A11)>0,"יועץ","עובד")),"") | C11: =IFERROR(IF(A11="","",IFERROR(INDEX(T_Employees[מחלקה],MATCH(A11,T_Employees[שם],0)),INDEX(T_Consultants[מחלקה],MATCH(A11,T_Consultants[שם יועץ],0)))),"") | D11: =IFERROR(IF(A11="","",COUNTIFS(T_Assign[שם],A11,T_Assign[תאריך],">="&$B$4,T_Assign[תאריך],"<="&$E$4)),0) | E11: =IFERROR(IF(A11="","",D11),0) | F11: =IFERROR(IF(A11="","",INT(D11/הגדרות!$C$14)),0) | G11: =IFERROR(IF(A11="","",minifs(T_Assign[תאריך],T_Assign[שם],A11,T_Assign[תאריך],">="&$B$4)),"") | H11: =IFERROR(IF(A11="","",maxifs(T_Assign[תאריך],T_Assign[שם],A11,T_Assign[תאריך],"<="&$E$4)),"") | I11: =IFERROR(IF(A11="","",IF(D11>=הגדרות!$C$14,"⚡ עומס!","✓ תקין")),"") | J11: =IFERROR(IF(A11="","",IF(D11>=הגדרות!$C$14,D11&" משמרות — "&TEXT(G11,"DD/MM/YY")&" עד "&TEXT(H11,"DD/MM/YY"),"")),"")
A12: =IFERROR(IF(נתוני_בסיס!$Y$8="","",נתוני_בסיס!$Y$8),"") | B12: =IFERROR(IF(A12="","",IF(COUNTIF(T_Consultants[שם יועץ],A12)>0,"יועץ","עובד")),"") | C12: =IFERROR(IF(A12="","",IFERROR(INDEX(T_Employees[מחלקה],MATCH(A12,T_Employees[שם],0)),INDEX(T_Consultants[מחלקה],MATCH(A12,T_Consultants[שם יועץ],0)))),"") | D12: =IFERROR(IF(A12="","",COUNTIFS(T_Assign[שם],A12,T_Assign[תאריך],">="&$B$4,T_Assign[תאריך],"<="&$E$4)),0) | E12: =IFERROR(IF(A12="","",D12),0) | F12: =IFERROR(IF(A12="","",INT(D12/הגדרות!$C$14)),0) | G12: =IFERROR(IF(A12="","",minifs(T_Assign[תאריך],T_Assign[שם],A12,T_Assign[תאריך],">="&$B$4)),"") | H12: =IFERROR(IF(A12="","",maxifs(T_Assign[תאריך],T_Assign[שם],A12,T_Assign[תאריך],"<="&$E$4)),"") | I12: =IFERROR(IF(A12="","",IF(D12>=הגדרות!$C$14,"⚡ עומס!","✓ תקין")),"") | J12: =IFERROR(IF(A12="","",IF(D12>=הגדרות!$C$14,D12&" משמרות — "&TEXT(G12,"DD/MM/YY")&" עד "&TEXT(H12,"DD/MM/YY"),"")),"")
A13: =IFERROR(IF(נתוני_בסיס!$Y$9="","",נתוני_בסיס!$Y$9),"") | B13: =IFERROR(IF(A13="","",IF(COUNTIF(T_Consultants[שם יועץ],A13)>0,"יועץ","עובד")),"") | C13: =IFERROR(IF(A13="","",IFERROR(INDEX(T_Employees[מחלקה],MATCH(A13,T_Employees[שם],0)),INDEX(T_Consultants[מחלקה],MATCH(A13,T_Consultants[שם יועץ],0)))),"") | D13: =IFERROR(IF(A13="","",COUNTIFS(T_Assign[שם],A13,T_Assign[תאריך],">="&$B$4,T_Assign[תאריך],"<="&$E$4)),0) | E13: =IFERROR(IF(A13="","",D13),0) | F13: =IFERROR(IF(A13="","",INT(D13/הגדרות!$C$14)),0) | G13: =IFERROR(IF(A13="","",minifs(T_Assign[תאריך],T_Assign[שם],A13,T_Assign[תאריך],">="&$B$4)),"") | H13: =IFERROR(IF(A13="","",maxifs(T_Assign[תאריך],T_Assign[שם],A13,T_Assign[תאריך],"<="&$E$4)),"") | I13: =IFERROR(IF(A13="","",IF(D13>=הגדרות!$C$14,"⚡ עומס!","✓ תקין")),"") | J13: =IFERROR(IF(A13="","",IF(D13>=הגדרות!$C$14,D13&" משמרות — "&TEXT(G13,"DD/MM/YY")&" עד "&TEXT(H13,"DD/MM/YY"),"")),"")
A14: =IFERROR(IF(נתוני_בסיס!$Y$10="","",נתוני_בסיס!$Y$10),"") | B14: =IFERROR(IF(A14="","",IF(COUNTIF(T_Consultants[שם יועץ],A14)>0,"יועץ","עובד")),"") | C14: =IFERROR(IF(A14="","",IFERROR(INDEX(T_Employees[מחלקה],MATCH(A14,T_Employees[שם],0)),INDEX(T_Consultants[מחלקה],MATCH(A14,T_Consultants[שם יועץ],0)))),"") | D14: =IFERROR(IF(A14="","",COUNTIFS(T_Assign[שם],A14,T_Assign[תאריך],">="&$B$4,T_Assign[תאריך],"<="&$E$4)),0) | E14: =IFERROR(IF(A14="","",D14),0) | F14: =IFERROR(IF(A14="","",INT(D14/הגדרות!$C$14)),0) | G14: =IFERROR(IF(A14="","",minifs(T_Assign[תאריך],T_Assign[שם],A14,T_Assign[תאריך],">="&$B$4)),"") | H14: =IFERROR(IF(A14="","",maxifs(T_Assign[תאריך],T_Assign[שם],A14,T_Assign[תאריך],"<="&$E$4)),"") | I14: =IFERROR(IF(A14="","",IF(D14>=הגדרות!$C$14,"⚡ עומס!","✓ תקין")),"") | J14: =IFERROR(IF(A14="","",IF(D14>=הגדרות!$C$14,D14&" משמרות — "&TEXT(G14,"DD/MM/YY")&" עד "&TEXT(H14,"DD/MM/YY"),"")),"")
A15: =IFERROR(IF(נתוני_בסיס!$Y$11="","",נתוני_בסיס!$Y$11),"") | B15: =IFERROR(IF(A15="","",IF(COUNTIF(T_Consultants[שם יועץ],A15)>0,"יועץ","עובד")),"") | C15: =IFERROR(IF(A15="","",IFERROR(INDEX(T_Employees[מחלקה],MATCH(A15,T_Employees[שם],0)),INDEX(T_Consultants[מחלקה],MATCH(A15,T_Consultants[שם יועץ],0)))),"") | D15: =IFERROR(IF(A15="","",COUNTIFS(T_Assign[שם],A15,T_Assign[תאריך],">="&$B$4,T_Assign[תאריך],"<="&$E$4)),0) | E15: =IFERROR(IF(A15="","",D15),0) | F15: =IFERROR(IF(A15="","",INT(D15/הגדרות!$C$14)),0) | G15: =IFERROR(IF(A15="","",minifs(T_Assign[תאריך],T_Assign[שם],A15,T_Assign[תאריך],">="&$B$4)),"") | H15: =IFERROR(IF(A15="","",maxifs(T_Assign[תאריך],T_Assign[שם],A15,T_Assign[תאריך],"<="&$E$4)),"") | I15: =IFERROR(IF(A15="","",IF(D15>=הגדרות!$C$14,"⚡ עומס!","✓ תקין")),"") | J15: =IFERROR(IF(A15="","",IF(D15>=הגדרות!$C$14,D15&" משמרות — "&TEXT(G15,"DD/MM/YY")&" עד "&TEXT(H15,"DD/MM/YY"),"")),"")
A16: =IFERROR(IF(נתוני_בסיס!$Y$12="","",נתוני_בסיס!$Y$12),"") | B16: =IFERROR(IF(A16="","",IF(COUNTIF(T_Consultants[שם יועץ],A16)>0,"יועץ","עובד")),"") | C16: =IFERROR(IF(A16="","",IFERROR(INDEX(T_Employees[מחלקה],MATCH(A16,T_Employees[שם],0)),INDEX(T_Consultants[מחלקה],MATCH(A16,T_Consultants[שם יועץ],0)))),"") | D16: =IFERROR(IF(A16="","",COUNTIFS(T_Assign[שם],A16,T_Assign[תאריך],">="&$B$4,T_Assign[תאריך],"<="&$E$4)),0) | E16: =IFERROR(IF(A16="","",D16),0) | F16: =IFERROR(IF(A16="","",INT(D16/הגדרות!$C$14)),0) | G16: =IFERROR(IF(A16="","",minifs(T_Assign[תאריך],T_Assign[שם],A16,T_Assign[תאריך],">="&$B$4)),"") | H16: =IFERROR(IF(A16="","",maxifs(T_Assign[תאריך],T_Assign[שם],A16,T_Assign[תאריך],"<="&$E$4)),"") | I16: =IFERROR(IF(A16="","",IF(D16>=הגדרות!$C$14,"⚡ עומס!","✓ תקין")),"") | J16: =IFERROR(IF(A16="","",IF(D16>=הגדרות!$C$14,D16&" משמרות — "&TEXT(G16,"DD/MM/YY")&" עד "&TEXT(H16,"DD/MM/YY"),"")),"")
A17: =IFERROR(IF(נתוני_בסיס!$Y$13="","",נתוני_בסיס!$Y$13),"") | B17: =IFERROR(IF(A17="","",IF(COUNTIF(T_Consultants[שם יועץ],A17)>0,"יועץ","עובד")),"") | C17: =IFERROR(IF(A17="","",IFERROR(INDEX(T_Employees[מחלקה],MATCH(A17,T_Employees[שם],0)),INDEX(T_Consultants[מחלקה],MATCH(A17,T_Consultants[שם יועץ],0)))),"") | D17: =IFERROR(IF(A17="","",COUNTIFS(T_Assign[שם],A17,T_Assign[תאריך],">="&$B$4,T_Assign[תאריך],"<="&$E$4)),0) | E17: =IFERROR(IF(A17="","",D17),0) | F17: =IFERROR(IF(A17="","",INT(D17/הגדרות!$C$14)),0) | G17: =IFERROR(IF(A17="","",minifs(T_Assign[תאריך],T_Assign[שם],A17,T_Assign[תאריך],">="&$B$4)),"") | H17: =IFERROR(IF(A17="","",maxifs(T_Assign[תאריך],T_Assign[שם],A17,T_Assign[תאריך],"<="&$E$4)),"") | I17: =IFERROR(IF(A17="","",IF(D17>=הגדרות!$C$14,"⚡ עומס!","✓ תקין")),"") | J17: =IFERROR(IF(A17="","",IF(D17>=הגדרות!$C$14,D17&" משמרות — "&TEXT(G17,"DD/MM/YY")&" עד "&TEXT(H17,"DD/MM/YY"),"")),"")
A18: =IFERROR(IF(נתוני_בסיס!$Y$14="","",נתוני_בסיס!$Y$14),"") | B18: =IFERROR(IF(A18="","",IF(COUNTIF(T_Consultants[שם יועץ],A18)>0,"יועץ","עובד")),"") | C18: =IFERROR(IF(A18="","",IFERROR(INDEX(T_Employees[מחלקה],MATCH(A18,T_Employees[שם],0)),INDEX(T_Consultants[מחלקה],MATCH(A18,T_Consultants[שם יועץ],0)))),"") | D18: =IFERROR(IF(A18="","",COUNTIFS(T_Assign[שם],A18,T_Assign[תאריך],">="&$B$4,T_Assign[תאריך],"<="&$E$4)),0) | E18: =IFERROR(IF(A18="","",D18),0) | F18: =IFERROR(IF(A18="","",INT(D18/הגדרות!$C$14)),0) | G18: =IFERROR(IF(A18="","",minifs(T_Assign[תאריך],T_Assign[שם],A18,T_Assign[תאריך],">="&$B$4)),"") | H18: =IFERROR(IF(A18="","",maxifs(T_Assign[תאריך],T_Assign[שם],A18,T_Assign[תאריך],"<="&$E$4)),"") | I18: =IFERROR(IF(A18="","",IF(D18>=הגדרות!$C$14,"⚡ עומס!","✓ תקין")),"") | J18: =IFERROR(IF(A18="","",IF(D18>=הגדרות!$C$14,D18&" משמרות — "&TEXT(G18,"DD/MM/YY")&" עד "&TEXT(H18,"DD/MM/YY"),"")),"")
A19: =IFERROR(IF(נתוני_בסיס!$Y$15="","",נתוני_בסיס!$Y$15),"") | B19: =IFERROR(IF(A19="","",IF(COUNTIF(T_Consultants[שם יועץ],A19)>0,"יועץ","עובד")),"") | C19: =IFERROR(IF(A19="","",IFERROR(INDEX(T_Employees[מחלקה],MATCH(A19,T_Employees[שם],0)),INDEX(T_Consultants[מחלקה],MATCH(A19,T_Consultants[שם יועץ],0)))),"") | D19: =IFERROR(IF(A19="","",COUNTIFS(T_Assign[שם],A19,T_Assign[תאריך],">="&$B$4,T_Assign[תאריך],"<="&$E$4)),0) | E19: =IFERROR(IF(A19="","",D19),0) | F19: =IFERROR(IF(A19="","",INT(D19/הגדרות!$C$14)),0) | G19: =IFERROR(IF(A19="","",minifs(T_Assign[תאריך],T_Assign[שם],A19,T_Assign[תאריך],">="&$B$4)),"") | H19: =IFERROR(IF(A19="","",maxifs(T_Assign[תאריך],T_Assign[שם],A19,T_Assign[תאריך],"<="&$E$4)),"") | I19: =IFERROR(IF(A19="","",IF(D19>=הגדרות!$C$14,"⚡ עומס!","✓ תקין")),"") | J19: =IFERROR(IF(A19="","",IF(D19>=הגדרות!$C$14,D19&" משמרות — "&TEXT(G19,"DD/MM/YY")&" עד "&TEXT(H19,"DD/MM/YY"),"")),"")
A20: =IFERROR(IF(נתוני_בסיס!$Y$16="","",נתוני_בסיס!$Y$16),"") | B20: =IFERROR(IF(A20="","",IF(COUNTIF(T_Consultants[שם יועץ],A20)>0,"יועץ","עובד")),"") | C20: =IFERROR(IF(A20="","",IFERROR(INDEX(T_Employees[מחלקה],MATCH(A20,T_Employees[שם],0)),INDEX(T_Consultants[מחלקה],MATCH(A20,T_Consultants[שם יועץ],0)))),"") | D20: =IFERROR(IF(A20="","",COUNTIFS(T_Assign[שם],A20,T_Assign[תאריך],">="&$B$4,T_Assign[תאריך],"<="&$E$4)),0) | E20: =IFERROR(IF(A20="","",D20),0) | F20: =IFERROR(IF(A20="","",INT(D20/הגדרות!$C$14)),0) | G20: =IFERROR(IF(A20="","",minifs(T_Assign[תאריך],T_Assign[שם],A20,T_Assign[תאריך],">="&$B$4)),"") | H20: =IFERROR(IF(A20="","",maxifs(T_Assign[תאריך],T_Assign[שם],A20,T_Assign[תאריך],"<="&$E$4)),"") | I20: =IFERROR(IF(A20="","",IF(D20>=הגדרות!$C$14,"⚡ עומס!","✓ תקין")),"") | J20: =IFERROR(IF(A20="","",IF(D20>=הגדרות!$C$14,D20&" משמרות — "&TEXT(G20,"DD/MM/YY")&" עד "&TEXT(H20,"DD/MM/YY"),"")),"")
A21: =IFERROR(IF(נתוני_בסיס!$Y$17="","",נתוני_בסיס!$Y$17),"") | B21: =IFERROR(IF(A21="","",IF(COUNTIF(T_Consultants[שם יועץ],A21)>0,"יועץ","עובד")),"") | C21: =IFERROR(IF(A21="","",IFERROR(INDEX(T_Employees[מחלקה],MATCH(A21,T_Employees[שם],0)),INDEX(T_Consultants[מחלקה],MATCH(A21,T_Consultants[שם יועץ],0)))),"") | D21: =IFERROR(IF(A21="","",COUNTIFS(T_Assign[שם],A21,T_Assign[תאריך],">="&$B$4,T_Assign[תאריך],"<="&$E$4)),0) | E21: =IFERROR(IF(A21="","",D21),0) | F21: =IFERROR(IF(A21="","",INT(D21/הגדרות!$C$14)),0) | G21: =IFERROR(IF(A21="","",minifs(T_Assign[תאריך],T_Assign[שם],A21,T_Assign[תאריך],">="&$B$4)),"") | H21: =IFERROR(IF(A21="","",maxifs(T_Assign[תאריך],T_Assign[שם],A21,T_Assign[תאריך],"<="&$E$4)),"") | I21: =IFERROR(IF(A21="","",IF(D21>=הגדרות!$C$14,"⚡ עומס!","✓ תקין")),"") | J21: =IFERROR(IF(A21="","",IF(D21>=הגדרות!$C$14,D21&" משמרות — "&TEXT(G21,"DD/MM/YY")&" עד "&TEXT(H21,"DD/MM/YY"),"")),"")
A22: =IFERROR(IF(נתוני_בסיס!$Y$18="","",נתוני_בסיס!$Y$18),"") | B22: =IFERROR(IF(A22="","",IF(COUNTIF(T_Consultants[שם יועץ],A22)>0,"יועץ","עובד")),"") | C22: =IFERROR(IF(A22="","",IFERROR(INDEX(T_Employees[מחלקה],MATCH(A22,T_Employees[שם],0)),INDEX(T_Consultants[מחלקה],MATCH(A22,T_Consultants[שם יועץ],0)))),"") | D22: =IFERROR(IF(A22="","",COUNTIFS(T_Assign[שם],A22,T_Assign[תאריך],">="&$B$4,T_Assign[תאריך],"<="&$E$4)),0) | E22: =IFERROR(IF(A22="","",D22),0) | F22: =IFERROR(IF(A22="","",INT(D22/הגדרות!$C$14)),0) | G22: =IFERROR(IF(A22="","",minifs(T_Assign[תאריך],T_Assign[שם],A22,T_Assign[תאריך],">="&$B$4)),"") | H22: =IFERROR(IF(A22="","",maxifs(T_Assign[תאריך],T_Assign[שם],A22,T_Assign[תאריך],"<="&$E$4)),"") | I22: =IFERROR(IF(A22="","",IF(D22>=הגדרות!$C$14,"⚡ עומס!","✓ תקין")),"") | J22: =IFERROR(IF(A22="","",IF(D22>=הגדרות!$C$14,D22&" משמרות — "&TEXT(G22,"DD/MM/YY")&" עד "&TEXT(H22,"DD/MM/YY"),"")),"")
A23: =IFERROR(IF(נתוני_בסיס!$Y$19="","",נתוני_בסיס!$Y$19),"") | B23: =IFERROR(IF(A23="","",IF(COUNTIF(T_Consultants[שם יועץ],A23)>0,"יועץ","עובד")),"") | C23: =IFERROR(IF(A23="","",IFERROR(INDEX(T_Employees[מחלקה],MATCH(A23,T_Employees[שם],0)),INDEX(T_Consultants[מחלקה],MATCH(A23,T_Consultants[שם יועץ],0)))),"") | D23: =IFERROR(IF(A23="","",COUNTIFS(T_Assign[שם],A23,T_Assign[תאריך],">="&$B$4,T_Assign[תאריך],"<="&$E$4)),0) | E23: =IFERROR(IF(A23="","",D23),0) | F23: =IFERROR(IF(A23="","",INT(D23/הגדרות!$C$14)),0) | G23: =IFERROR(IF(A23="","",minifs(T_Assign[תאריך],T_Assign[שם],A23,T_Assign[תאריך],">="&$B$4)),"") | H23: =IFERROR(IF(A23="","",maxifs(T_Assign[תאריך],T_Assign[שם],A23,T_Assign[תאריך],"<="&$E$4)),"") | I23: =IFERROR(IF(A23="","",IF(D23>=הגדרות!$C$14,"⚡ עומס!","✓ תקין")),"") | J23: =IFERROR(IF(A23="","",IF(D23>=הגדרות!$C$14,D23&" משמרות — "&TEXT(G23,"DD/MM/YY")&" עד "&TEXT(H23,"DD/MM/YY"),"")),"")
A24: =IFERROR(IF(נתוני_בסיס!$Y$20="","",נתוני_בסיס!$Y$20),"") | B24: =IFERROR(IF(A24="","",IF(COUNTIF(T_Consultants[שם יועץ],A24)>0,"יועץ","עובד")),"") | C24: =IFERROR(IF(A24="","",IFERROR(INDEX(T_Employees[מחלקה],MATCH(A24,T_Employees[שם],0)),INDEX(T_Consultants[מחלקה],MATCH(A24,T_Consultants[שם יועץ],0)))),"") | D24: =IFERROR(IF(A24="","",COUNTIFS(T_Assign[שם],A24,T_Assign[תאריך],">="&$B$4,T_Assign[תאריך],"<="&$E$4)),0) | E24: =IFERROR(IF(A24="","",D24),0) | F24: =IFERROR(IF(A24="","",INT(D24/הגדרות!$C$14)),0) | G24: =IFERROR(IF(A24="","",minifs(T_Assign[תאריך],T_Assign[שם],A24,T_Assign[תאריך],">="&$B$4)),"") | H24: =IFERROR(IF(A24="","",maxifs(T_Assign[תאריך],T_Assign[שם],A24,T_Assign[תאריך],"<="&$E$4)),"") | I24: =IFERROR(IF(A24="","",IF(D24>=הגדרות!$C$14,"⚡ עומס!","✓ תקין")),"") | J24: =IFERROR(IF(A24="","",IF(D24>=הגדרות!$C$14,D24&" משמרות — "&TEXT(G24,"DD/MM/YY")&" עד "&TEXT(H24,"DD/MM/YY"),"")),"")
A25: =IFERROR(IF(נתוני_בסיס!$Y$21="","",נתוני_בסיס!$Y$21),"") | B25: =IFERROR(IF(A25="","",IF(COUNTIF(T_Consultants[שם יועץ],A25)>0,"יועץ","עובד")),"") | C25: =IFERROR(IF(A25="","",IFERROR(INDEX(T_Employees[מחלקה],MATCH(A25,T_Employees[שם],0)),INDEX(T_Consultants[מחלקה],MATCH(A25,T_Consultants[שם יועץ],0)))),"") | D25: =IFERROR(IF(A25="","",COUNTIFS(T_Assign[שם],A25,T_Assign[תאריך],">="&$B$4,T_Assign[תאריך],"<="&$E$4)),0) | E25: =IFERROR(IF(A25="","",D25),0) | F25: =IFERROR(IF(A25="","",INT(D25/הגדרות!$C$14)),0) | G25: =IFERROR(IF(A25="","",minifs(T_Assign[תאריך],T_Assign[שם],A25,T_Assign[תאריך],">="&$B$4)),"") | H25: =IFERROR(IF(A25="","",maxifs(T_Assign[תאריך],T_Assign[שם],A25,T_Assign[תאריך],"<="&$E$4)),"") | I25: =IFERROR(IF(A25="","",IF(D25>=הגדרות!$C$14,"⚡ עומס!","✓ תקין")),"") | J25: =IFERROR(IF(A25="","",IF(D25>=הגדרות!$C$14,D25&" משמרות — "&TEXT(G25,"DD/MM/YY")&" עד "&TEXT(H25,"DD/MM/YY"),"")),"")
A26: =IFERROR(IF(נתוני_בסיס!$Y$22="","",נתוני_בסיס!$Y$22),"") | B26: =IFERROR(IF(A26="","",IF(COUNTIF(T_Consultants[שם יועץ],A26)>0,"יועץ","עובד")),"") | C26: =IFERROR(IF(A26="","",IFERROR(INDEX(T_Employees[מחלקה],MATCH(A26,T_Employees[שם],0)),INDEX(T_Consultants[מחלקה],MATCH(A26,T_Consultants[שם יועץ],0)))),"") | D26: =IFERROR(IF(A26="","",COUNTIFS(T_Assign[שם],A26,T_Assign[תאריך],">="&$B$4,T_Assign[תאריך],"<="&$E$4)),0) | E26: =IFERROR(IF(A26="","",D26),0) | F26: =IFERROR(IF(A26="","",INT(D26/הגדרות!$C$14)),0) | G26: =IFERROR(IF(A26="","",minifs(T_Assign[תאריך],T_Assign[שם],A26,T_Assign[תאריך],">="&$B$4)),"") | H26: =IFERROR(IF(A26="","",maxifs(T_Assign[תאריך],T_Assign[שם],A26,T_Assign[תאריך],"<="&$E$4)),"") | I26: =IFERROR(IF(A26="","",IF(D26>=הגדרות!$C$14,"⚡ עומס!","✓ תקין")),"") | J26: =IFERROR(IF(A26="","",IF(D26>=הגדרות!$C$14,D26&" משמרות — "&TEXT(G26,"DD/MM/YY")&" עד "&TEXT(H26,"DD/MM/YY"),"")),"")
A27: =IFERROR(IF(נתוני_בסיס!$Y$23="","",נתוני_בסיס!$Y$23),"") | B27: =IFERROR(IF(A27="","",IF(COUNTIF(T_Consultants[שם יועץ],A27)>0,"יועץ","עובד")),"") | C27: =IFERROR(IF(A27="","",IFERROR(INDEX(T_Employees[מחלקה],MATCH(A27,T_Employees[שם],0)),INDEX(T_Consultants[מחלקה],MATCH(A27,T_Consultants[שם יועץ],0)))),"") | D27: =IFERROR(IF(A27="","",COUNTIFS(T_Assign[שם],A27,T_Assign[תאריך],">="&$B$4,T_Assign[תאריך],"<="&$E$4)),0) | E27: =IFERROR(IF(A27="","",D27),0) | F27: =IFERROR(IF(A27="","",INT(D27/הגדרות!$C$14)),0) | G27: =IFERROR(IF(A27="","",minifs(T_Assign[תאריך],T_Assign[שם],A27,T_Assign[תאריך],">="&$B$4)),"") | H27: =IFERROR(IF(A27="","",maxifs(T_Assign[תאריך],T_Assign[שם],A27,T_Assign[תאריך],"<="&$E$4)),"") | I27: =IFERROR(IF(A27="","",IF(D27>=הגדרות!$C$14,"⚡ עומס!","✓ תקין")),"") | J27: =IFERROR(IF(A27="","",IF(D27>=הגדרות!$C$14,D27&" משמרות — "&TEXT(G27,"DD/MM/YY")&" עד "&TEXT(H27,"DD/MM/YY"),"")),"")
A28: =IFERROR(IF(נתוני_בסיס!$Y$24="","",נתוני_בסיס!$Y$24),"") | B28: =IFERROR(IF(A28="","",IF(COUNTIF(T_Consultants[שם יועץ],A28)>0,"יועץ","עובד")),"") | C28: =IFERROR(IF(A28="","",IFERROR(INDEX(T_Employees[מחלקה],MATCH(A28,T_Employees[שם],0)),INDEX(T_Consultants[מחלקה],MATCH(A28,T_Consultants[שם יועץ],0)))),"") | D28: =IFERROR(IF(A28="","",COUNTIFS(T_Assign[שם],A28,T_Assign[תאריך],">="&$B$4,T_Assign[תאריך],"<="&$E$4)),0) | E28: =IFERROR(IF(A28="","",D28),0) | F28: =IFERROR(IF(A28="","",INT(D28/הגדרות!$C$14)),0) | G28: =IFERROR(IF(A28="","",minifs(T_Assign[תאריך],T_Assign[שם],A28,T_Assign[תאריך],">="&$B$4)),"") | H28: =IFERROR(IF(A28="","",maxifs(T_Assign[תאריך],T_Assign[שם],A28,T_Assign[תאריך],"<="&$E$4)),"") | I28: =IFERROR(IF(A28="","",IF(D28>=הגדרות!$C$14,"⚡ עומס!","✓ תקין")),"") | J28: =IFERROR(IF(A28="","",IF(D28>=הגדרות!$C$14,D28&" משמרות — "&TEXT(G28,"DD/MM/YY")&" עד "&TEXT(H28,"DD/MM/YY"),"")),"")
A29: =IFERROR(IF(נתוני_בסיס!$Y$25="","",נתוני_בסיס!$Y$25),"") | B29: =IFERROR(IF(A29="","",IF(COUNTIF(T_Consultants[שם יועץ],A29)>0,"יועץ","עובד")),"") | C29: =IFERROR(IF(A29="","",IFERROR(INDEX(T_Employees[מחלקה],MATCH(A29,T_Employees[שם],0)),INDEX(T_Consultants[מחלקה],MATCH(A29,T_Consultants[שם יועץ],0)))),"") | D29: =IFERROR(IF(A29="","",COUNTIFS(T_Assign[שם],A29,T_Assign[תאריך],">="&$B$4,T_Assign[תאריך],"<="&$E$4)),0) | E29: =IFERROR(IF(A29="","",D29),0) | F29: =IFERROR(IF(A29="","",INT(D29/הגדרות!$C$14)),0) | G29: =IFERROR(IF(A29="","",minifs(T_Assign[תאריך],T_Assign[שם],A29,T_Assign[תאריך],">="&$B$4)),"") | H29: =IFERROR(IF(A29="","",maxifs(T_Assign[תאריך],T_Assign[שם],A29,T_Assign[תאריך],"<="&$E$4)),"") | I29: =IFERROR(IF(A29="","",IF(D29>=הגדרות!$C$14,"⚡ עומס!","✓ תקין")),"") | J29: =IFERROR(IF(A29="","",IF(D29>=הגדרות!$C$14,D29&" משמרות — "&TEXT(G29,"DD/MM/YY")&" עד "&TEXT(H29,"DD/MM/YY"),"")),"")
A30: =IFERROR(IF(נתוני_בסיס!$Y$26="","",נתוני_בסיס!$Y$26),"") | B30: =IFERROR(IF(A30="","",IF(COUNTIF(T_Consultants[שם יועץ],A30)>0,"יועץ","עובד")),"") | C30: =IFERROR(IF(A30="","",IFERROR(INDEX(T_Employees[מחלקה],MATCH(A30,T_Employees[שם],0)),INDEX(T_Consultants[מחלקה],MATCH(A30,T_Consultants[שם יועץ],0)))),"") | D30: =IFERROR(IF(A30="","",COUNTIFS(T_Assign[שם],A30,T_Assign[תאריך],">="&$B$4,T_Assign[תאריך],"<="&$E$4)),0) | E30: =IFERROR(IF(A30="","",D30),0) | F30: =IFERROR(IF(A30="","",INT(D30/הגדרות!$C$14)),0) | G30: =IFERROR(IF(A30="","",minifs(T_Assign[תאריך],T_Assign[שם],A30,T_Assign[תאריך],">="&$B$4)),"") | H30: =IFERROR(IF(A30="","",maxifs(T_Assign[תאריך],T_Assign[שם],A30,T_Assign[תאריך],"<="&$E$4)),"") | I30: =IFERROR(IF(A30="","",IF(D30>=הגדרות!$C$14,"⚡ עומס!","✓ תקין")),"") | J30: =IFERROR(IF(A30="","",IF(D30>=הגדרות!$C$14,D30&" משמרות — "&TEXT(G30,"DD/MM/YY")&" עד "&TEXT(H30,"DD/MM/YY"),"")),"")
A31: =IFERROR(IF(נתוני_בסיס!$Y$27="","",נתוני_בסיס!$Y$27),"") | B31: =IFERROR(IF(A31="","",IF(COUNTIF(T_Consultants[שם יועץ],A31)>0,"יועץ","עובד")),"") | C31: =IFERROR(IF(A31="","",IFERROR(INDEX(T_Employees[מחלקה],MATCH(A31,T_Employees[שם],0)),INDEX(T_Consultants[מחלקה],MATCH(A31,T_Consultants[שם יועץ],0)))),"") | D31: =IFERROR(IF(A31="","",COUNTIFS(T_Assign[שם],A31,T_Assign[תאריך],">="&$B$4,T_Assign[תאריך],"<="&$E$4)),0) | E31: =IFERROR(IF(A31="","",D31),0) | F31: =IFERROR(IF(A31="","",INT(D31/הגדרות!$C$14)),0) | G31: =IFERROR(IF(A31="","",minifs(T_Assign[תאריך],T_Assign[שם],A31,T_Assign[תאריך],">="&$B$4)),"") | H31: =IFERROR(IF(A31="","",maxifs(T_Assign[תאריך],T_Assign[שם],A31,T_Assign[תאריך],"<="&$E$4)),"") | I31: =IFERROR(IF(A31="","",IF(D31>=הגדרות!$C$14,"⚡ עומס!","✓ תקין")),"") | J31: =IFERROR(IF(A31="","",IF(D31>=הגדרות!$C$14,D31&" משמרות — "&TEXT(G31,"DD/MM/YY")&" עד "&TEXT(H31,"DD/MM/YY"),"")),"")
A32: =IFERROR(IF(נתוני_בסיס!$Y$28="","",נתוני_בסיס!$Y$28),"") | B32: =IFERROR(IF(A32="","",IF(COUNTIF(T_Consultants[שם יועץ],A32)>0,"יועץ","עובד")),"") | C32: =IFERROR(IF(A32="","",IFERROR(INDEX(T_Employees[מחלקה],MATCH(A32,T_Employees[שם],0)),INDEX(T_Consultants[מחלקה],MATCH(A32,T_Consultants[שם יועץ],0)))),"") | D32: =IFERROR(IF(A32="","",COUNTIFS(T_Assign[שם],A32,T_Assign[תאריך],">="&$B$4,T_Assign[תאריך],"<="&$E$4)),0) | E32: =IFERROR(IF(A32="","",D32),0) | F32: =IFERROR(IF(A32="","",INT(D32/הגדרות!$C$14)),0) | G32: =IFERROR(IF(A32="","",minifs(T_Assign[תאריך],T_Assign[שם],A32,T_Assign[תאריך],">="&$B$4)),"") | H32: =IFERROR(IF(A32="","",maxifs(T_Assign[תאריך],T_Assign[שם],A32,T_Assign[תאריך],"<="&$E$4)),"") | I32: =IFERROR(IF(A32="","",IF(D32>=הגדרות!$C$14,"⚡ עומס!","✓ תקין")),"") | J32: =IFERROR(IF(A32="","",IF(D32>=הגדרות!$C$14,D32&" משמרות — "&TEXT(G32,"DD/MM/YY")&" עד "&TEXT(H32,"DD/MM/YY"),"")),"")
A33: =IFERROR(IF(נתוני_בסיס!$Y$29="","",נתוני_בסיס!$Y$29),"") | B33: =IFERROR(IF(A33="","",IF(COUNTIF(T_Consultants[שם יועץ],A33)>0,"יועץ","עובד")),"") | C33: =IFERROR(IF(A33="","",IFERROR(INDEX(T_Employees[מחלקה],MATCH(A33,T_Employees[שם],0)),INDEX(T_Consultants[מחלקה],MATCH(A33,T_Consultants[שם יועץ],0)))),"") | D33: =IFERROR(IF(A33="","",COUNTIFS(T_Assign[שם],A33,T_Assign[תאריך],">="&$B$4,T_Assign[תאריך],"<="&$E$4)),0) | E33: =IFERROR(IF(A33="","",D33),0) | F33: =IFERROR(IF(A33="","",INT(D33/הגדרות!$C$14)),0) | G33: =IFERROR(IF(A33="","",minifs(T_Assign[תאריך],T_Assign[שם],A33,T_Assign[תאריך],">="&$B$4)),"") | H33: =IFERROR(IF(A33="","",maxifs(T_Assign[תאריך],T_Assign[שם],A33,T_Assign[תאריך],"<="&$E$4)),"") | I33: =IFERROR(IF(A33="","",IF(D33>=הגדרות!$C$14,"⚡ עומס!","✓ תקין")),"") | J33: =IFERROR(IF(A33="","",IF(D33>=הגדרות!$C$14,D33&" משמרות — "&TEXT(G33,"DD/MM/YY")&" עד "&TEXT(H33,"DD/MM/YY"),"")),"")
A34: =IFERROR(IF(נתוני_בסיס!$Y$30="","",נתוני_בסיס!$Y$30),"") | B34: =IFERROR(IF(A34="","",IF(COUNTIF(T_Consultants[שם יועץ],A34)>0,"יועץ","עובד")),"") | C34: =IFERROR(IF(A34="","",IFERROR(INDEX(T_Employees[מחלקה],MATCH(A34,T_Employees[שם],0)),INDEX(T_Consultants[מחלקה],MATCH(A34,T_Consultants[שם יועץ],0)))),"") | D34: =IFERROR(IF(A34="","",COUNTIFS(T_Assign[שם],A34,T_Assign[תאריך],">="&$B$4,T_Assign[תאריך],"<="&$E$4)),0) | E34: =IFERROR(IF(A34="","",D34),0) | F34: =IFERROR(IF(A34="","",INT(D34/הגדרות!$C$14)),0) | G34: =IFERROR(IF(A34="","",minifs(T_Assign[תאריך],T_Assign[שם],A34,T_Assign[תאריך],">="&$B$4)),"") | H34: =IFERROR(IF(A34="","",maxifs(T_Assign[תאריך],T_Assign[שם],A34,T_Assign[תאריך],"<="&$E$4)),"") | I34: =IFERROR(IF(A34="","",IF(D34>=הגדרות!$C$14,"⚡ עומס!","✓ תקין")),"") | J34: =IFERROR(IF(A34="","",IF(D34>=הגדרות!$C$14,D34&" משמרות — "&TEXT(G34,"DD/MM/YY")&" עד "&TEXT(H34,"DD/MM/YY"),"")),"")
A35: =IFERROR(IF(נתוני_בסיס!$Y$31="","",נתוני_בסיס!$Y$31),"") | B35: =IFERROR(IF(A35="","",IF(COUNTIF(T_Consultants[שם יועץ],A35)>0,"יועץ","עובד")),"") | C35: =IFERROR(IF(A35="","",IFERROR(INDEX(T_Employees[מחלקה],MATCH(A35,T_Employees[שם],0)),INDEX(T_Consultants[מחלקה],MATCH(A35,T_Consultants[שם יועץ],0)))),"") | D35: =IFERROR(IF(A35="","",COUNTIFS(T_Assign[שם],A35,T_Assign[תאריך],">="&$B$4,T_Assign[תאריך],"<="&$E$4)),0) | E35: =IFERROR(IF(A35="","",D35),0) | F35: =IFERROR(IF(A35="","",INT(D35/הגדרות!$C$14)),0) | G35: =IFERROR(IF(A35="","",minifs(T_Assign[תאריך],T_Assign[שם],A35,T_Assign[תאריך],">="&$B$4)),"") | H35: =IFERROR(IF(A35="","",maxifs(T_Assign[תאריך],T_Assign[שם],A35,T_Assign[תאריך],"<="&$E$4)),"") | I35: =IFERROR(IF(A35="","",IF(D35>=הגדרות!$C$14,"⚡ עומס!","✓ תקין")),"") | J35: =IFERROR(IF(A35="","",IF(D35>=הגדרות!$C$14,D35&" משמרות — "&TEXT(G35,"DD/MM/YY")&" עד "&TEXT(H35,"DD/MM/YY"),"")),"")
A36: =IFERROR(IF(נתוני_בסיס!$Y$32="","",נתוני_בסיס!$Y$32),"") | B36: =IFERROR(IF(A36="","",IF(COUNTIF(T_Consultants[שם יועץ],A36)>0,"יועץ","עובד")),"") | C36: =IFERROR(IF(A36="","",IFERROR(INDEX(T_Employees[מחלקה],MATCH(A36,T_Employees[שם],0)),INDEX(T_Consultants[מחלקה],MATCH(A36,T_Consultants[שם יועץ],0)))),"") | D36: =IFERROR(IF(A36="","",COUNTIFS(T_Assign[שם],A36,T_Assign[תאריך],">="&$B$4,T_Assign[תאריך],"<="&$E$4)),0) | E36: =IFERROR(IF(A36="","",D36),0) | F36: =IFERROR(IF(A36="","",INT(D36/הגדרות!$C$14)),0) | G36: =IFERROR(IF(A36="","",minifs(T_Assign[תאריך],T_Assign[שם],A36,T_Assign[תאריך],">="&$B$4)),"") | H36: =IFERROR(IF(A36="","",maxifs(T_Assign[תאריך],T_Assign[שם],A36,T_Assign[תאריך],"<="&$E$4)),"") | I36: =IFERROR(IF(A36="","",IF(D36>=הגדרות!$C$14,"⚡ עומס!","✓ תקין")),"") | J36: =IFERROR(IF(A36="","",IF(D36>=הגדרות!$C$14,D36&" משמרות — "&TEXT(G36,"DD/MM/YY")&" עד "&TEXT(H36,"DD/MM/YY"),"")),"")
A37: =IFERROR(IF(נתוני_בסיס!$Y$33="","",נתוני_בסיס!$Y$33),"") | B37: =IFERROR(IF(A37="","",IF(COUNTIF(T_Consultants[שם יועץ],A37)>0,"יועץ","עובד")),"") | C37: =IFERROR(IF(A37="","",IFERROR(INDEX(T_Employees[מחלקה],MATCH(A37,T_Employees[שם],0)),INDEX(T_Consultants[מחלקה],MATCH(A37,T_Consultants[שם יועץ],0)))),"") | D37: =IFERROR(IF(A37="","",COUNTIFS(T_Assign[שם],A37,T_Assign[תאריך],">="&$B$4,T_Assign[תאריך],"<="&$E$4)),0) | E37: =IFERROR(IF(A37="","",D37),0) | F37: =IFERROR(IF(A37="","",INT(D37/הגדרות!$C$14)),0) | G37: =IFERROR(IF(A37="","",minifs(T_Assign[תאריך],T_Assign[שם],A37,T_Assign[תאריך],">="&$B$4)),"") | H37: =IFERROR(IF(A37="","",maxifs(T_Assign[תאריך],T_Assign[שם],A37,T_Assign[תאריך],"<="&$E$4)),"") | I37: =IFERROR(IF(A37="","",IF(D37>=הגדרות!$C$14,"⚡ עומס!","✓ תקין")),"") | J37: =IFERROR(IF(A37="","",IF(D37>=הגדרות!$C$14,D37&" משמרות — "&TEXT(G37,"DD/MM/YY")&" עד "&TEXT(H37,"DD/MM/YY"),"")),"")
A38: =IFERROR(IF(נתוני_בסיס!$Y$34="","",נתוני_בסיס!$Y$34),"") | B38: =IFERROR(IF(A38="","",IF(COUNTIF(T_Consultants[שם יועץ],A38)>0,"יועץ","עובד")),"") | C38: =IFERROR(IF(A38="","",IFERROR(INDEX(T_Employees[מחלקה],MATCH(A38,T_Employees[שם],0)),INDEX(T_Consultants[מחלקה],MATCH(A38,T_Consultants[שם יועץ],0)))),"") | D38: =IFERROR(IF(A38="","",COUNTIFS(T_Assign[שם],A38,T_Assign[תאריך],">="&$B$4,T_Assign[תאריך],"<="&$E$4)),0) | E38: =IFERROR(IF(A38="","",D38),0) | F38: =IFERROR(IF(A38="","",INT(D38/הגדרות!$C$14)),0) | G38: =IFERROR(IF(A38="","",minifs(T_Assign[תאריך],T_Assign[שם],A38,T_Assign[תאריך],">="&$B$4)),"") | H38: =IFERROR(IF(A38="","",maxifs(T_Assign[תאריך],T_Assign[שם],A38,T_Assign[תאריך],"<="&$E$4)),"") | I38: =IFERROR(IF(A38="","",IF(D38>=הגדרות!$C$14,"⚡ עומס!","✓ תקין")),"") | J38: =IFERROR(IF(A38="","",IF(D38>=הגדרות!$C$14,D38&" משמרות — "&TEXT(G38,"DD/MM/YY")&" עד "&TEXT(H38,"DD/MM/YY"),"")),"")
A39: =IFERROR(IF(נתוני_בסיס!$Y$35="","",נתוני_בסיס!$Y$35),"") | B39: =IFERROR(IF(A39="","",IF(COUNTIF(T_Consultants[שם יועץ],A39)>0,"יועץ","עובד")),"") | C39: =IFERROR(IF(A39="","",IFERROR(INDEX(T_Employees[מחלקה],MATCH(A39,T_Employees[שם],0)),INDEX(T_Consultants[מחלקה],MATCH(A39,T_Consultants[שם יועץ],0)))),"") | D39: =IFERROR(IF(A39="","",COUNTIFS(T_Assign[שם],A39,T_Assign[תאריך],">="&$B$4,T_Assign[תאריך],"<="&$E$4)),0) | E39: =IFERROR(IF(A39="","",D39),0) | F39: =IFERROR(IF(A39="","",INT(D39/הגדרות!$C$14)),0) | G39: =IFERROR(IF(A39="","",minifs(T_Assign[תאריך],T_Assign[שם],A39,T_Assign[תאריך],">="&$B$4)),"") | H39: =IFERROR(IF(A39="","",maxifs(T_Assign[תאריך],T_Assign[שם],A39,T_Assign[תאריך],"<="&$E$4)),"") | I39: =IFERROR(IF(A39="","",IF(D39>=הגדרות!$C$14,"⚡ עומס!","✓ תקין")),"") | J39: =IFERROR(IF(A39="","",IF(D39>=הגדרות!$C$14,D39&" משמרות — "&TEXT(G39,"DD/MM/YY")&" עד "&TEXT(H39,"DD/MM/YY"),"")),"")
A40: =IFERROR(IF(נתוני_בסיס!$Y$36="","",נתוני_בסיס!$Y$36),"") | B40: =IFERROR(IF(A40="","",IF(COUNTIF(T_Consultants[שם יועץ],A40)>0,"יועץ","עובד")),"") | C40: =IFERROR(IF(A40="","",IFERROR(INDEX(T_Employees[מחלקה],MATCH(A40,T_Employees[שם],0)),INDEX(T_Consultants[מחלקה],MATCH(A40,T_Consultants[שם יועץ],0)))),"") | D40: =IFERROR(IF(A40="","",COUNTIFS(T_Assign[שם],A40,T_Assign[תאריך],">="&$B$4,T_Assign[תאריך],"<="&$E$4)),0) | E40: =IFERROR(IF(A40="","",D40),0) | F40: =IFERROR(IF(A40="","",INT(D40/הגדרות!$C$14)),0) | G40: =IFERROR(IF(A40="","",minifs(T_Assign[תאריך],T_Assign[שם],A40,T_Assign[תאריך],">="&$B$4)),"") | H40: =IFERROR(IF(A40="","",maxifs(T_Assign[תאריך],T_Assign[שם],A40,T_Assign[תאריך],"<="&$E$4)),"") | I40: =IFERROR(IF(A40="","",IF(D40>=הגדרות!$C$14,"⚡ עומס!","✓ תקין")),"") | J40: =IFERROR(IF(A40="","",IF(D40>=הגדרות!$C$14,D40&" משמרות — "&TEXT(G40,"DD/MM/YY")&" עד "&TEXT(H40,"DD/MM/YY"),"")),"")
A41: =IFERROR(IF(נתוני_בסיס!$Y$37="","",נתוני_בסיס!$Y$37),"") | B41: =IFERROR(IF(A41="","",IF(COUNTIF(T_Consultants[שם יועץ],A41)>0,"יועץ","עובד")),"") | C41: =IFERROR(IF(A41="","",IFERROR(INDEX(T_Employees[מחלקה],MATCH(A41,T_Employees[שם],0)),INDEX(T_Consultants[מחלקה],MATCH(A41,T_Consultants[שם יועץ],0)))),"") | D41: =IFERROR(IF(A41="","",COUNTIFS(T_Assign[שם],A41,T_Assign[תאריך],">="&$B$4,T_Assign[תאריך],"<="&$E$4)),0) | E41: =IFERROR(IF(A41="","",D41),0) | F41: =IFERROR(IF(A41="","",INT(D41/הגדרות!$C$14)),0) | G41: =IFERROR(IF(A41="","",minifs(T_Assign[תאריך],T_Assign[שם],A41,T_Assign[תאריך],">="&$B$4)),"") | H41: =IFERROR(IF(A41="","",maxifs(T_Assign[תאריך],T_Assign[שם],A41,T_Assign[תאריך],"<="&$E$4)),"") | I41: =IFERROR(IF(A41="","",IF(D41>=הגדרות!$C$14,"⚡ עומס!","✓ תקין")),"") | J41: =IFERROR(IF(A41="","",IF(D41>=הגדרות!$C$14,D41&" משמרות — "&TEXT(G41,"DD/MM/YY")&" עד "&TEXT(H41,"DD/MM/YY"),"")),"")
A42: =IFERROR(IF(נתוני_בסיס!$Y$38="","",נתוני_בסיס!$Y$38),"") | B42: =IFERROR(IF(A42="","",IF(COUNTIF(T_Consultants[שם יועץ],A42)>0,"יועץ","עובד")),"") | C42: =IFERROR(IF(A42="","",IFERROR(INDEX(T_Employees[מחלקה],MATCH(A42,T_Employees[שם],0)),INDEX(T_Consultants[מחלקה],MATCH(A42,T_Consultants[שם יועץ],0)))),"") | D42: =IFERROR(IF(A42="","",COUNTIFS(T_Assign[שם],A42,T_Assign[תאריך],">="&$B$4,T_Assign[תאריך],"<="&$E$4)),0) | E42: =IFERROR(IF(A42="","",D42),0) | F42: =IFERROR(IF(A42="","",INT(D42/הגדרות!$C$14)),0) | G42: =IFERROR(IF(A42="","",minifs(T_Assign[תאריך],T_Assign[שם],A42,T_Assign[תאריך],">="&$B$4)),"") | H42: =IFERROR(IF(A42="","",maxifs(T_Assign[תאריך],T_Assign[שם],A42,T_Assign[תאריך],"<="&$E$4)),"") | I42: =IFERROR(IF(A42="","",IF(D42>=הגדרות!$C$14,"⚡ עומס!","✓ תקין")),"") | J42: =IFERROR(IF(A42="","",IF(D42>=הגדרות!$C$14,D42&" משמרות — "&TEXT(G42,"DD/MM/YY")&" עד "&TEXT(H42,"DD/MM/YY"),"")),"")
A43: =IFERROR(IF(נתוני_בסיס!$Y$39="","",נתוני_בסיס!$Y$39),"") | B43: =IFERROR(IF(A43="","",IF(COUNTIF(T_Consultants[שם יועץ],A43)>0,"יועץ","עובד")),"") | C43: =IFERROR(IF(A43="","",IFERROR(INDEX(T_Employees[מחלקה],MATCH(A43,T_Employees[שם],0)),INDEX(T_Consultants[מחלקה],MATCH(A43,T_Consultants[שם יועץ],0)))),"") | D43: =IFERROR(IF(A43="","",COUNTIFS(T_Assign[שם],A43,T_Assign[תאריך],">="&$B$4,T_Assign[תאריך],"<="&$E$4)),0) | E43: =IFERROR(IF(A43="","",D43),0) | F43: =IFERROR(IF(A43="","",INT(D43/הגדרות!$C$14)),0) | G43: =IFERROR(IF(A43="","",minifs(T_Assign[תאריך],T_Assign[שם],A43,T_Assign[תאריך],">="&$B$4)),"") | H43: =IFERROR(IF(A43="","",maxifs(T_Assign[תאריך],T_Assign[שם],A43,T_Assign[תאריך],"<="&$E$4)),"") | I43: =IFERROR(IF(A43="","",IF(D43>=הגדרות!$C$14,"⚡ עומס!","✓ תקין")),"") | J43: =IFERROR(IF(A43="","",IF(D43>=הגדרות!$C$14,D43&" משמרות — "&TEXT(G43,"DD/MM/YY")&" עד "&TEXT(H43,"DD/MM/YY"),"")),"")
A44: =IFERROR(IF(נתוני_בסיס!$Y$40="","",נתוני_בסיס!$Y$40),"") | B44: =IFERROR(IF(A44="","",IF(COUNTIF(T_Consultants[שם יועץ],A44)>0,"יועץ","עובד")),"") | C44: =IFERROR(IF(A44="","",IFERROR(INDEX(T_Employees[מחלקה],MATCH(A44,T_Employees[שם],0)),INDEX(T_Consultants[מחלקה],MATCH(A44,T_Consultants[שם יועץ],0)))),"") | D44: =IFERROR(IF(A44="","",COUNTIFS(T_Assign[שם],A44,T_Assign[תאריך],">="&$B$4,T_Assign[תאריך],"<="&$E$4)),0) | E44: =IFERROR(IF(A44="","",D44),0) | F44: =IFERROR(IF(A44="","",INT(D44/הגדרות!$C$14)),0) | G44: =IFERROR(IF(A44="","",minifs(T_Assign[תאריך],T_Assign[שם],A44,T_Assign[תאריך],">="&$B$4)),"") | H44: =IFERROR(IF(A44="","",maxifs(T_Assign[תאריך],T_Assign[שם],A44,T_Assign[תאריך],"<="&$E$4)),"") | I44: =IFERROR(IF(A44="","",IF(D44>=הגדרות!$C$14,"⚡ עומס!","✓ תקין")),"") | J44: =IFERROR(IF(A44="","",IF(D44>=הגדרות!$C$14,D44&" משמרות — "&TEXT(G44,"DD/MM/YY")&" עד "&TEXT(H44,"DD/MM/YY"),"")),"")
A45: =IFERROR(IF(נתוני_בסיס!$Y$41="","",נתוני_בסיס!$Y$41),"") | B45: =IFERROR(IF(A45="","",IF(COUNTIF(T_Consultants[שם יועץ],A45)>0,"יועץ","עובד")),"") | C45: =IFERROR(IF(A45="","",IFERROR(INDEX(T_Employees[מחלקה],MATCH(A45,T_Employees[שם],0)),INDEX(T_Consultants[מחלקה],MATCH(A45,T_Consultants[שם יועץ],0)))),"") | D45: =IFERROR(IF(A45="","",COUNTIFS(T_Assign[שם],A45,T_Assign[תאריך],">="&$B$4,T_Assign[תאריך],"<="&$E$4)),0) | E45: =IFERROR(IF(A45="","",D45),0) | F45: =IFERROR(IF(A45="","",INT(D45/הגדרות!$C$14)),0) | G45: =IFERROR(IF(A45="","",minifs(T_Assign[תאריך],T_Assign[שם],A45,T_Assign[תאריך],">="&$B$4)),"") | H45: =IFERROR(IF(A45="","",maxifs(T_Assign[תאריך],T_Assign[שם],A45,T_Assign[תאריך],"<="&$E$4)),"") | I45: =IFERROR(IF(A45="","",IF(D45>=הגדרות!$C$14,"⚡ עומס!","✓ תקין")),"") | J45: =IFERROR(IF(A45="","",IF(D45>=הגדרות!$C$14,D45&" משמרות — "&TEXT(G45,"DD/MM/YY")&" עד "&TEXT(H45,"DD/MM/YY"),"")),"")
A46: =IFERROR(IF(נתוני_בסיס!$Y$42="","",נתוני_בסיס!$Y$42),"") | B46: =IFERROR(IF(A46="","",IF(COUNTIF(T_Consultants[שם יועץ],A46)>0,"יועץ","עובד")),"") | C46: =IFERROR(IF(A46="","",IFERROR(INDEX(T_Employees[מחלקה],MATCH(A46,T_Employees[שם],0)),INDEX(T_Consultants[מחלקה],MATCH(A46,T_Consultants[שם יועץ],0)))),"") | D46: =IFERROR(IF(A46="","",COUNTIFS(T_Assign[שם],A46,T_Assign[תאריך],">="&$B$4,T_Assign[תאריך],"<="&$E$4)),0) | E46: =IFERROR(IF(A46="","",D46),0) | F46: =IFERROR(IF(A46="","",INT(D46/הגדרות!$C$14)),0) | G46: =IFERROR(IF(A46="","",minifs(T_Assign[תאריך],T_Assign[שם],A46,T_Assign[תאריך],">="&$B$4)),"") | H46: =IFERROR(IF(A46="","",maxifs(T_Assign[תאריך],T_Assign[שם],A46,T_Assign[תאריך],"<="&$E$4)),"") | I46: =IFERROR(IF(A46="","",IF(D46>=הגדרות!$C$14,"⚡ עומס!","✓ תקין")),"") | J46: =IFERROR(IF(A46="","",IF(D46>=הגדרות!$C$14,D46&" משמרות — "&TEXT(G46,"DD/MM/YY")&" עד "&TEXT(H46,"DD/MM/YY"),"")),"")
A47: =IFERROR(IF(נתוני_בסיס!$Y$43="","",נתוני_בסיס!$Y$43),"") | B47: =IFERROR(IF(A47="","",IF(COUNTIF(T_Consultants[שם יועץ],A47)>0,"יועץ","עובד")),"") | C47: =IFERROR(IF(A47="","",IFERROR(INDEX(T_Employees[מחלקה],MATCH(A47,T_Employees[שם],0)),INDEX(T_Consultants[מחלקה],MATCH(A47,T_Consultants[שם יועץ],0)))),"") | D47: =IFERROR(IF(A47="","",COUNTIFS(T_Assign[שם],A47,T_Assign[תאריך],">="&$B$4,T_Assign[תאריך],"<="&$E$4)),0) | E47: =IFERROR(IF(A47="","",D47),0) | F47: =IFERROR(IF(A47="","",INT(D47/הגדרות!$C$14)),0) | G47: =IFERROR(IF(A47="","",minifs(T_Assign[תאריך],T_Assign[שם],A47,T_Assign[תאריך],">="&$B$4)),"") | H47: =IFERROR(IF(A47="","",maxifs(T_Assign[תאריך],T_Assign[שם],A47,T_Assign[תאריך],"<="&$E$4)),"") | I47: =IFERROR(IF(A47="","",IF(D47>=הגדרות!$C$14,"⚡ עומס!","✓ תקין")),"") | J47: =IFERROR(IF(A47="","",IF(D47>=הגדרות!$C$14,D47&" משמרות — "&TEXT(G47,"DD/MM/YY")&" עד "&TEXT(H47,"DD/MM/YY"),"")),"")
A48: =IFERROR(IF(נתוני_בסיס!$Y$44="","",נתוני_בסיס!$Y$44),"") | B48: =IFERROR(IF(A48="","",IF(COUNTIF(T_Consultants[שם יועץ],A48)>0,"יועץ","עובד")),"") | C48: =IFERROR(IF(A48="","",IFERROR(INDEX(T_Employees[מחלקה],MATCH(A48,T_Employees[שם],0)),INDEX(T_Consultants[מחלקה],MATCH(A48,T_Consultants[שם יועץ],0)))),"") | D48: =IFERROR(IF(A48="","",COUNTIFS(T_Assign[שם],A48,T_Assign[תאריך],">="&$B$4,T_Assign[תאריך],"<="&$E$4)),0) | E48: =IFERROR(IF(A48="","",D48),0) | F48: =IFERROR(IF(A48="","",INT(D48/הגדרות!$C$14)),0) | G48: =IFERROR(IF(A48="","",minifs(T_Assign[תאריך],T_Assign[שם],A48,T_Assign[תאריך],">="&$B$4)),"") | H48: =IFERROR(IF(A48="","",maxifs(T_Assign[תאריך],T_Assign[שם],A48,T_Assign[תאריך],"<="&$E$4)),"") | I48: =IFERROR(IF(A48="","",IF(D48>=הגדרות!$C$14,"⚡ עומס!","✓ תקין")),"") | J48: =IFERROR(IF(A48="","",IF(D48>=הגדרות!$C$14,D48&" משמרות — "&TEXT(G48,"DD/MM/YY")&" עד "&TEXT(H48,"DD/MM/YY"),"")),"")
A49: =IFERROR(IF(נתוני_בסיס!$Y$45="","",נתוני_בסיס!$Y$45),"") | B49: =IFERROR(IF(A49="","",IF(COUNTIF(T_Consultants[שם יועץ],A49)>0,"יועץ","עובד")),"") | C49: =IFERROR(IF(A49="","",IFERROR(INDEX(T_Employees[מחלקה],MATCH(A49,T_Employees[שם],0)),INDEX(T_Consultants[מחלקה],MATCH(A49,T_Consultants[שם יועץ],0)))),"") | D49: =IFERROR(IF(A49="","",COUNTIFS(T_Assign[שם],A49,T_Assign[תאריך],">="&$B$4,T_Assign[תאריך],"<="&$E$4)),0) | E49: =IFERROR(IF(A49="","",D49),0) | F49: =IFERROR(IF(A49="","",INT(D49/הגדרות!$C$14)),0) | G49: =IFERROR(IF(A49="","",minifs(T_Assign[תאריך],T_Assign[שם],A49,T_Assign[תאריך],">="&$B$4)),"") | H49: =IFERROR(IF(A49="","",maxifs(T_Assign[תאריך],T_Assign[שם],A49,T_Assign[תאריך],"<="&$E$4)),"") | I49: =IFERROR(IF(A49="","",IF(D49>=הגדרות!$C$14,"⚡ עומס!","✓ תקין")),"") | J49: =IFERROR(IF(A49="","",IF(D49>=הגדרות!$C$14,D49&" משמרות — "&TEXT(G49,"DD/MM/YY")&" עד "&TEXT(H49,"DD/MM/YY"),"")),"")
A50: =IFERROR(IF(נתוני_בסיס!$Y$46="","",נתוני_בסיס!$Y$46),"") | B50: =IFERROR(IF(A50="","",IF(COUNTIF(T_Consultants[שם יועץ],A50)>0,"יועץ","עובד")),"") | C50: =IFERROR(IF(A50="","",IFERROR(INDEX(T_Employees[מחלקה],MATCH(A50,T_Employees[שם],0)),INDEX(T_Consultants[מחלקה],MATCH(A50,T_Consultants[שם יועץ],0)))),"") | D50: =IFERROR(IF(A50="","",COUNTIFS(T_Assign[שם],A50,T_Assign[תאריך],">="&$B$4,T_Assign[תאריך],"<="&$E$4)),0) | E50: =IFERROR(IF(A50="","",D50),0) | F50: =IFERROR(IF(A50="","",INT(D50/הגדרות!$C$14)),0) | G50: =IFERROR(IF(A50="","",minifs(T_Assign[תאריך],T_Assign[שם],A50,T_Assign[תאריך],">="&$B$4)),"") | H50: =IFERROR(IF(A50="","",maxifs(T_Assign[תאריך],T_Assign[שם],A50,T_Assign[תאריך],"<="&$E$4)),"") | I50: =IFERROR(IF(A50="","",IF(D50>=הגדרות!$C$14,"⚡ עומס!","✓ תקין")),"") | J50: =IFERROR(IF(A50="","",IF(D50>=הגדרות!$C$14,D50&" משמרות — "&TEXT(G50,"DD/MM/YY")&" עד "&TEXT(H50,"DD/MM/YY"),"")),"")
A51: =IFERROR(IF(נתוני_בסיס!$Y$47="","",נתוני_בסיס!$Y$47),"") | B51: =IFERROR(IF(A51="","",IF(COUNTIF(T_Consultants[שם יועץ],A51)>0,"יועץ","עובד")),"") | C51: =IFERROR(IF(A51="","",IFERROR(INDEX(T_Employees[מחלקה],MATCH(A51,T_Employees[שם],0)),INDEX(T_Consultants[מחלקה],MATCH(A51,T_Consultants[שם יועץ],0)))),"") | D51: =IFERROR(IF(A51="","",COUNTIFS(T_Assign[שם],A51,T_Assign[תאריך],">="&$B$4,T_Assign[תאריך],"<="&$E$4)),0) | E51: =IFERROR(IF(A51="","",D51),0) | F51: =IFERROR(IF(A51="","",INT(D51/הגדרות!$C$14)),0) | G51: =IFERROR(IF(A51="","",minifs(T_Assign[תאריך],T_Assign[שם],A51,T_Assign[תאריך],">="&$B$4)),"") | H51: =IFERROR(IF(A51="","",maxifs(T_Assign[תאריך],T_Assign[שם],A51,T_Assign[תאריך],"<="&$E$4)),"") | I51: =IFERROR(IF(A51="","",IF(D51>=הגדרות!$C$14,"⚡ עומס!","✓ תקין")),"") | J51: =IFERROR(IF(A51="","",IF(D51>=הגדרות!$C$14,D51&" משמרות — "&TEXT(G51,"DD/MM/YY")&" עד "&TEXT(H51,"DD/MM/YY"),"")),"")
A52: =IFERROR(IF(נתוני_בסיס!$Y$48="","",נתוני_בסיס!$Y$48),"") | B52: =IFERROR(IF(A52="","",IF(COUNTIF(T_Consultants[שם יועץ],A52)>0,"יועץ","עובד")),"") | C52: =IFERROR(IF(A52="","",IFERROR(INDEX(T_Employees[מחלקה],MATCH(A52,T_Employees[שם],0)),INDEX(T_Consultants[מחלקה],MATCH(A52,T_Consultants[שם יועץ],0)))),"") | D52: =IFERROR(IF(A52="","",COUNTIFS(T_Assign[שם],A52,T_Assign[תאריך],">="&$B$4,T_Assign[תאריך],"<="&$E$4)),0) | E52: =IFERROR(IF(A52="","",D52),0) | F52: =IFERROR(IF(A52="","",INT(D52/הגדרות!$C$14)),0) | G52: =IFERROR(IF(A52="","",minifs(T_Assign[תאריך],T_Assign[שם],A52,T_Assign[תאריך],">="&$B$4)),"") | H52: =IFERROR(IF(A52="","",maxifs(T_Assign[תאריך],T_Assign[שם],A52,T_Assign[תאריך],"<="&$E$4)),"") | I52: =IFERROR(IF(A52="","",IF(D52>=הגדרות!$C$14,"⚡ עומס!","✓ תקין")),"") | J52: =IFERROR(IF(A52="","",IF(D52>=הגדרות!$C$14,D52&" משמרות — "&TEXT(G52,"DD/MM/YY")&" עד "&TEXT(H52,"DD/MM/YY"),"")),"")
A53: =IFERROR(IF(נתוני_בסיס!$Y$49="","",נתוני_בסיס!$Y$49),"") | B53: =IFERROR(IF(A53="","",IF(COUNTIF(T_Consultants[שם יועץ],A53)>0,"יועץ","עובד")),"") | C53: =IFERROR(IF(A53="","",IFERROR(INDEX(T_Employees[מחלקה],MATCH(A53,T_Employees[שם],0)),INDEX(T_Consultants[מחלקה],MATCH(A53,T_Consultants[שם יועץ],0)))),"") | D53: =IFERROR(IF(A53="","",COUNTIFS(T_Assign[שם],A53,T_Assign[תאריך],">="&$B$4,T_Assign[תאריך],"<="&$E$4)),0) | E53: =IFERROR(IF(A53="","",D53),0) | F53: =IFERROR(IF(A53="","",INT(D53/הגדרות!$C$14)),0) | G53: =IFERROR(IF(A53="","",minifs(T_Assign[תאריך],T_Assign[שם],A53,T_Assign[תאריך],">="&$B$4)),"") | H53: =IFERROR(IF(A53="","",maxifs(T_Assign[תאריך],T_Assign[שם],A53,T_Assign[תאריך],"<="&$E$4)),"") | I53: =IFERROR(IF(A53="","",IF(D53>=הגדרות!$C$14,"⚡ עומס!","✓ תקין")),"") | J53: =IFERROR(IF(A53="","",IF(D53>=הגדרות!$C$14,D53&" משמרות — "&TEXT(G53,"DD/MM/YY")&" עד "&TEXT(H53,"DD/MM/YY"),"")),"")
A54: =IFERROR(IF(נתוני_בסיס!$Y$50="","",נתוני_בסיס!$Y$50),"") | B54: =IFERROR(IF(A54="","",IF(COUNTIF(T_Consultants[שם יועץ],A54)>0,"יועץ","עובד")),"") | C54: =IFERROR(IF(A54="","",IFERROR(INDEX(T_Employees[מחלקה],MATCH(A54,T_Employees[שם],0)),INDEX(T_Consultants[מחלקה],MATCH(A54,T_Consultants[שם יועץ],0)))),"") | D54: =IFERROR(IF(A54="","",COUNTIFS(T_Assign[שם],A54,T_Assign[תאריך],">="&$B$4,T_Assign[תאריך],"<="&$E$4)),0) | E54: =IFERROR(IF(A54="","",D54),0) | F54: =IFERROR(IF(A54="","",INT(D54/הגדרות!$C$14)),0) | G54: =IFERROR(IF(A54="","",minifs(T_Assign[תאריך],T_Assign[שם],A54,T_Assign[תאריך],">="&$B$4)),"") | H54: =IFERROR(IF(A54="","",maxifs(T_Assign[תאריך],T_Assign[שם],A54,T_Assign[תאריך],"<="&$E$4)),"") | I54: =IFERROR(IF(A54="","",IF(D54>=הגדרות!$C$14,"⚡ עומס!","✓ תקין")),"") | J54: =IFERROR(IF(A54="","",IF(D54>=הגדרות!$C$14,D54&" משמרות — "&TEXT(G54,"DD/MM/YY")&" עד "&TEXT(H54,"DD/MM/YY"),"")),"")
A55: =IFERROR(IF(נתוני_בסיס!$Y$51="","",נתוני_בסיס!$Y$51),"") | B55: =IFERROR(IF(A55="","",IF(COUNTIF(T_Consultants[שם יועץ],A55)>0,"יועץ","עובד")),"") | C55: =IFERROR(IF(A55="","",IFERROR(INDEX(T_Employees[מחלקה],MATCH(A55,T_Employees[שם],0)),INDEX(T_Consultants[מחלקה],MATCH(A55,T_Consultants[שם יועץ],0)))),"") | D55: =IFERROR(IF(A55="","",COUNTIFS(T_Assign[שם],A55,T_Assign[תאריך],">="&$B$4,T_Assign[תאריך],"<="&$E$4)),0) | E55: =IFERROR(IF(A55="","",D55),0) | F55: =IFERROR(IF(A55="","",INT(D55/הגדרות!$C$14)),0) | G55: =IFERROR(IF(A55="","",minifs(T_Assign[תאריך],T_Assign[שם],A55,T_Assign[תאריך],">="&$B$4)),"") | H55: =IFERROR(IF(A55="","",maxifs(T_Assign[תאריך],T_Assign[שם],A55,T_Assign[תאריך],"<="&$E$4)),"") | I55: =IFERROR(IF(A55="","",IF(D55>=הגדרות!$C$14,"⚡ עומס!","✓ תקין")),"") | J55: =IFERROR(IF(A55="","",IF(D55>=הגדרות!$C$14,D55&" משמרות — "&TEXT(G55,"DD/MM/YY")&" עד "&TEXT(H55,"DD/MM/YY"),"")),"")
A56: =IFERROR(IF(נתוני_בסיס!$Y$52="","",נתוני_בסיס!$Y$52),"") | B56: =IFERROR(IF(A56="","",IF(COUNTIF(T_Consultants[שם יועץ],A56)>0,"יועץ","עובד")),"") | C56: =IFERROR(IF(A56="","",IFERROR(INDEX(T_Employees[מחלקה],MATCH(A56,T_Employees[שם],0)),INDEX(T_Consultants[מחלקה],MATCH(A56,T_Consultants[שם יועץ],0)))),"") | D56: =IFERROR(IF(A56="","",COUNTIFS(T_Assign[שם],A56,T_Assign[תאריך],">="&$B$4,T_Assign[תאריך],"<="&$E$4)),0) | E56: =IFERROR(IF(A56="","",D56),0) | F56: =IFERROR(IF(A56="","",INT(D56/הגדרות!$C$14)),0) | G56: =IFERROR(IF(A56="","",minifs(T_Assign[תאריך],T_Assign[שם],A56,T_Assign[תאריך],">="&$B$4)),"") | H56: =IFERROR(IF(A56="","",maxifs(T_Assign[תאריך],T_Assign[שם],A56,T_Assign[תאריך],"<="&$E$4)),"") | I56: =IFERROR(IF(A56="","",IF(D56>=הגדרות!$C$14,"⚡ עומס!","✓ תקין")),"") | J56: =IFERROR(IF(A56="","",IF(D56>=הגדרות!$C$14,D56&" משמרות — "&TEXT(G56,"DD/MM/YY")&" עד "&TEXT(H56,"DD/MM/YY"),"")),"")

Sheet מעקב_חודשי
A1: 📅 מעקב חודשי / תקופתי — עומסי עובדים
A3: מתאריך: | B3: =DATE(YEAR(הגדרות!$C$3),MONTH(הגדרות!$C$3),1) -> 46082 | D3: עד: | E3: =EOMONTH(הגדרות!$C$3,0) -> 46112
A5: שם | B5: מחלקה | C5: סוג | D5: משמרות בחודש | E5: שבוע 1 | F5: שבוע 2 | G5: שבוע 3 | H5: שבוע 4 | I5: אירועי עומס | J5: סטטוס
A6: =IFERROR(IF(נתוני_בסיס!$Y$3="","",נתוני_בסיס!$Y$3),"") | B6: =IFERROR(IF(A6="","",IFERROR(INDEX(T_Employees[מחלקה],MATCH(A6,T_Employees[שם],0)),INDEX(T_Consultants[מחלקה],MATCH(A6,T_Consultants[שם יועץ],0)))),"") | C6: =IFERROR(IF(A6="","",IF(COUNTIF(T_Consultants[שם יועץ],A6)>0,"יועץ","עובד")),"") | D6: =IFERROR(IF(A6="","",COUNTIFS(T_Assign[שם],A6,T_Assign[תאריך],">="&$B$3,T_Assign[תאריך],"<="&$E$3)),0) | E6: =IFERROR(IF(A6="","",COUNTIFS(T_Assign[שם],A6,T_Assign[תאריך],">="&($B$3+0*7),T_Assign[תאריך],"<="&($B$3+0*7+6))),0) | F6: =IFERROR(IF(A6="","",COUNTIFS(T_Assign[שם],A6,T_Assign[תאריך],">="&($B$3+1*7),T_Assign[תאריך],"<="&($B$3+1*7+6))),0) | G6: =IFERROR(IF(A6="","",COUNTIFS(T_Assign[שם],A6,T_Assign[תאריך],">="&($B$3+2*7),T_Assign[תאריך],"<="&($B$3+2*7+6))),0) | H6: =IFERROR(IF(A6="","",COUNTIFS(T_Assign[שם],A6,T_Assign[תאריך],">="&($B$3+3*7),T_Assign[תאריך],"<="&($B$3+3*7+6))),0) | I6: =IFERROR(IF(A6="","",SUMPRODUCT((E6>=הגדרות!$C$14)*1+(F6>=הגדרות!$C$14)*1+(G6>=הגדרות!$C$14)*1+(H6>=הגדרות!$C$14)*1)),0) | J6: =IFERROR(IF(A6="","",IF(I6>0,"⚡ "&I6&" אירועי עומס","✓ תקין")),"")
A7: =IFERROR(IF(נתוני_בסיס!$Y$4="","",נתוני_בסיס!$Y$4),"") | B7: =IFERROR(IF(A7="","",IFERROR(INDEX(T_Employees[מחלקה],MATCH(A7,T_Employees[שם],0)),INDEX(T_Consultants[מחלקה],MATCH(A7,T_Consultants[שם יועץ],0)))),"") | C7: =IFERROR(IF(A7="","",IF(COUNTIF(T_Consultants[שם יועץ],A7)>0,"יועץ","עובד")),"") | D7: =IFERROR(IF(A7="","",COUNTIFS(T_Assign[שם],A7,T_Assign[תאריך],">="&$B$3,T_Assign[תאריך],"<="&$E$3)),0) | E7: =IFERROR(IF(A7="","",COUNTIFS(T_Assign[שם],A7,T_Assign[תאריך],">="&($B$3+0*7),T_Assign[תאריך],"<="&($B$3+0*7+6))),0) | F7: =IFERROR(IF(A7="","",COUNTIFS(T_Assign[שם],A7,T_Assign[תאריך],">="&($B$3+1*7),T_Assign[תאריך],"<="&($B$3+1*7+6))),0) | G7: =IFERROR(IF(A7="","",COUNTIFS(T_Assign[שם],A7,T_Assign[תאריך],">="&($B$3+2*7),T_Assign[תאריך],"<="&($B$3+2*7+6))),0) | H7: =IFERROR(IF(A7="","",COUNTIFS(T_Assign[שם],A7,T_Assign[תאריך],">="&($B$3+3*7),T_Assign[תאריך],"<="&($B$3+3*7+6))),0) | I7: =IFERROR(IF(A7="","",SUMPRODUCT((E7>=הגדרות!$C$14)*1+(F7>=הגדרות!$C$14)*1+(G7>=הגדרות!$C$14)*1+(H7>=הגדרות!$C$14)*1)),0) | J7: =IFERROR(IF(A7="","",IF(I7>0,"⚡ "&I7&" אירועי עומס","✓ תקין")),"")
A8: =IFERROR(IF(נתוני_בסיס!$Y$5="","",נתוני_בסיס!$Y$5),"") | B8: =IFERROR(IF(A8="","",IFERROR(INDEX(T_Employees[מחלקה],MATCH(A8,T_Employees[שם],0)),INDEX(T_Consultants[מחלקה],MATCH(A8,T_Consultants[שם יועץ],0)))),"") | C8: =IFERROR(IF(A8="","",IF(COUNTIF(T_Consultants[שם יועץ],A8)>0,"יועץ","עובד")),"") | D8: =IFERROR(IF(A8="","",COUNTIFS(T_Assign[שם],A8,T_Assign[תאריך],">="&$B$3,T_Assign[תאריך],"<="&$E$3)),0) | E8: =IFERROR(IF(A8="","",COUNTIFS(T_Assign[שם],A8,T_Assign[תאריך],">="&($B$3+0*7),T_Assign[תאריך],"<="&($B$3+0*7+6))),0) | F8: =IFERROR(IF(A8="","",COUNTIFS(T_Assign[שם],A8,T_Assign[תאריך],">="&($B$3+1*7),T_Assign[תאריך],"<="&($B$3+1*7+6))),0) | G8: =IFERROR(IF(A8="","",COUNTIFS(T_Assign[שם],A8,T_Assign[תאריך],">="&($B$3+2*7),T_Assign[תאריך],"<="&($B$3+2*7+6))),0) | H8: =IFERROR(IF(A8="","",COUNTIFS(T_Assign[שם],A8,T_Assign[תאריך],">="&($B$3+3*7),T_Assign[תאריך],"<="&($B$3+3*7+6))),0) | I8: =IFERROR(IF(A8="","",SUMPRODUCT((E8>=הגדרות!$C$14)*1+(F8>=הגדרות!$C$14)*1+(G8>=הגדרות!$C$14)*1+(H8>=הגדרות!$C$14)*1)),0) | J8: =IFERROR(IF(A8="","",IF(I8>0,"⚡ "&I8&" אירועי עומס","✓ תקין")),"")
A9: =IFERROR(IF(נתוני_בסיס!$Y$6="","",נתוני_בסיס!$Y$6),"") | B9: =IFERROR(IF(A9="","",IFERROR(INDEX(T_Employees[מחלקה],MATCH(A9,T_Employees[שם],0)),INDEX(T_Consultants[מחלקה],MATCH(A9,T_Consultants[שם יועץ],0)))),"") | C9: =IFERROR(IF(A9="","",IF(COUNTIF(T_Consultants[שם יועץ],A9)>0,"יועץ","עובד")),"") | D9: =IFERROR(IF(A9="","",COUNTIFS(T_Assign[שם],A9,T_Assign[תאריך],">="&$B$3,T_Assign[תאריך],"<="&$E$3)),0) | E9: =IFERROR(IF(A9="","",COUNTIFS(T_Assign[שם],A9,T_Assign[תאריך],">="&($B$3+0*7),T_Assign[תאריך],"<="&($B$3+0*7+6))),0) | F9: =IFERROR(IF(A9="","",COUNTIFS(T_Assign[שם],A9,T_Assign[תאריך],">="&($B$3+1*7),T_Assign[תאריך],"<="&($B$3+1*7+6))),0) | G9: =IFERROR(IF(A9="","",COUNTIFS(T_Assign[שם],A9,T_Assign[תאריך],">="&($B$3+2*7),T_Assign[תאריך],"<="&($B$3+2*7+6))),0) | H9: =IFERROR(IF(A9="","",COUNTIFS(T_Assign[שם],A9,T_Assign[תאריך],">="&($B$3+3*7),T_Assign[תאריך],"<="&($B$3+3*7+6))),0) | I9: =IFERROR(IF(A9="","",SUMPRODUCT((E9>=הגדרות!$C$14)*1+(F9>=הגדרות!$C$14)*1+(G9>=הגדרות!$C$14)*1+(H9>=הגדרות!$C$14)*1)),0) | J9: =IFERROR(IF(A9="","",IF(I9>0,"⚡ "&I9&" אירועי עומס","✓ תקין")),"")
A10: =IFERROR(IF(נתוני_בסיס!$Y$7="","",נתוני_בסיס!$Y$7),"") | B10: =IFERROR(IF(A10="","",IFERROR(INDEX(T_Employees[מחלקה],MATCH(A10,T_Employees[שם],0)),INDEX(T_Consultants[מחלקה],MATCH(A10,T_Consultants[שם יועץ],0)))),"") | C10: =IFERROR(IF(A10="","",IF(COUNTIF(T_Consultants[שם יועץ],A10)>0,"יועץ","עובד")),"") | D10: =IFERROR(IF(A10="","",COUNTIFS(T_Assign[שם],A10,T_Assign[תאריך],">="&$B$3,T_Assign[תאריך],"<="&$E$3)),0) | E10: =IFERROR(IF(A10="","",COUNTIFS(T_Assign[שם],A10,T_Assign[תאריך],">="&($B$3+0*7),T_Assign[תאריך],"<="&($B$3+0*7+6))),0) | F10: =IFERROR(IF(A10="","",COUNTIFS(T_Assign[שם],A10,T_Assign[תאריך],">="&($B$3+1*7),T_Assign[תאריך],"<="&($B$3+1*7+6))),0) | G10: =IFERROR(IF(A10="","",COUNTIFS(T_Assign[שם],A10,T_Assign[תאריך],">="&($B$3+2*7),T_Assign[תאריך],"<="&($B$3+2*7+6))),0) | H10: =IFERROR(IF(A10="","",COUNTIFS(T_Assign[שם],A10,T_Assign[תאריך],">="&($B$3+3*7),T_Assign[תאריך],"<="&($B$3+3*7+6))),0) | I10: =IFERROR(IF(A10="","",SUMPRODUCT((E10>=הגדרות!$C$14)*1+(F10>=הגדרות!$C$14)*1+(G10>=הגדרות!$C$14)*1+(H10>=הגדרות!$C$14)*1)),0) | J10: =IFERROR(IF(A10="","",IF(I10>0,"⚡ "&I10&" אירועי עומס","✓ תקין")),"")
A11: =IFERROR(IF(נתוני_בסיס!$Y$8="","",נתוני_בסיס!$Y$8),"") | B11: =IFERROR(IF(A11="","",IFERROR(INDEX(T_Employees[מחלקה],MATCH(A11,T_Employees[שם],0)),INDEX(T_Consultants[מחלקה],MATCH(A11,T_Consultants[שם יועץ],0)))),"") | C11: =IFERROR(IF(A11="","",IF(COUNTIF(T_Consultants[שם יועץ],A11)>0,"יועץ","עובד")),"") | D11: =IFERROR(IF(A11="","",COUNTIFS(T_Assign[שם],A11,T_Assign[תאריך],">="&$B$3,T_Assign[תאריך],"<="&$E$3)),0) | E11: =IFERROR(IF(A11="","",COUNTIFS(T_Assign[שם],A11,T_Assign[תאריך],">="&($B$3+0*7),T_Assign[תאריך],"<="&($B$3+0*7+6))),0) | F11: =IFERROR(IF(A11="","",COUNTIFS(T_Assign[שם],A11,T_Assign[תאריך],">="&($B$3+1*7),T_Assign[תאריך],"<="&($B$3+1*7+6))),0) | G11: =IFERROR(IF(A11="","",COUNTIFS(T_Assign[שם],A11,T_Assign[תאריך],">="&($B$3+2*7),T_Assign[תאריך],"<="&($B$3+2*7+6))),0) | H11: =IFERROR(IF(A11="","",COUNTIFS(T_Assign[שם],A11,T_Assign[תאריך],">="&($B$3+3*7),T_Assign[תאריך],"<="&($B$3+3*7+6))),0) | I11: =IFERROR(IF(A11="","",SUMPRODUCT((E11>=הגדרות!$C$14)*1+(F11>=הגדרות!$C$14)*1+(G11>=הגדרות!$C$14)*1+(H11>=הגדרות!$C$14)*1)),0) | J11: =IFERROR(IF(A11="","",IF(I11>0,"⚡ "&I11&" אירועי עומס","✓ תקין")),"")
A12: =IFERROR(IF(נתוני_בסיס!$Y$9="","",נתוני_בסיס!$Y$9),"") | B12: =IFERROR(IF(A12="","",IFERROR(INDEX(T_Employees[מחלקה],MATCH(A12,T_Employees[שם],0)),INDEX(T_Consultants[מחלקה],MATCH(A12,T_Consultants[שם יועץ],0)))),"") | C12: =IFERROR(IF(A12="","",IF(COUNTIF(T_Consultants[שם יועץ],A12)>0,"יועץ","עובד")),"") | D12: =IFERROR(IF(A12="","",COUNTIFS(T_Assign[שם],A12,T_Assign[תאריך],">="&$B$3,T_Assign[תאריך],"<="&$E$3)),0) | E12: =IFERROR(IF(A12="","",COUNTIFS(T_Assign[שם],A12,T_Assign[תאריך],">="&($B$3+0*7),T_Assign[תאריך],"<="&($B$3+0*7+6))),0) | F12: =IFERROR(IF(A12="","",COUNTIFS(T_Assign[שם],A12,T_Assign[תאריך],">="&($B$3+1*7),T_Assign[תאריך],"<="&($B$3+1*7+6))),0) | G12: =IFERROR(IF(A12="","",COUNTIFS(T_Assign[שם],A12,T_Assign[תאריך],">="&($B$3+2*7),T_Assign[תאריך],"<="&($B$3+2*7+6))),0) | H12: =IFERROR(IF(A12="","",COUNTIFS(T_Assign[שם],A12,T_Assign[תאריך],">="&($B$3+3*7),T_Assign[תאריך],"<="&($B$3+3*7+6))),0) | I12: =IFERROR(IF(A12="","",SUMPRODUCT((E12>=הגדרות!$C$14)*1+(F12>=הגדרות!$C$14)*1+(G12>=הגדרות!$C$14)*1+(H12>=הגדרות!$C$14)*1)),0) | J12: =IFERROR(IF(A12="","",IF(I12>0,"⚡ "&I12&" אירועי עומס","✓ תקין")),"")
A13: =IFERROR(IF(נתוני_בסיס!$Y$10="","",נתוני_בסיס!$Y$10),"") | B13: =IFERROR(IF(A13="","",IFERROR(INDEX(T_Employees[מחלקה],MATCH(A13,T_Employees[שם],0)),INDEX(T_Consultants[מחלקה],MATCH(A13,T_Consultants[שם יועץ],0)))),"") | C13: =IFERROR(IF(A13="","",IF(COUNTIF(T_Consultants[שם יועץ],A13)>0,"יועץ","עובד")),"") | D13: =IFERROR(IF(A13="","",COUNTIFS(T_Assign[שם],A13,T_Assign[תאריך],">="&$B$3,T_Assign[תאריך],"<="&$E$3)),0) | E13: =IFERROR(IF(A13="","",COUNTIFS(T_Assign[שם],A13,T_Assign[תאריך],">="&($B$3+0*7),T_Assign[תאריך],"<="&($B$3+0*7+6))),0) | F13: =IFERROR(IF(A13="","",COUNTIFS(T_Assign[שם],A13,T_Assign[תאריך],">="&($B$3+1*7),T_Assign[תאריך],"<="&($B$3+1*7+6))),0) | G13: =IFERROR(IF(A13="","",COUNTIFS(T_Assign[שם],A13,T_Assign[תאריך],">="&($B$3+2*7),T_Assign[תאריך],"<="&($B$3+2*7+6))),0) | H13: =IFERROR(IF(A13="","",COUNTIFS(T_Assign[שם],A13,T_Assign[תאריך],">="&($B$3+3*7),T_Assign[תאריך],"<="&($B$3+3*7+6))),0) | I13: =IFERROR(IF(A13="","",SUMPRODUCT((E13>=הגדרות!$C$14)*1+(F13>=הגדרות!$C$14)*1+(G13>=הגדרות!$C$14)*1+(H13>=הגדרות!$C$14)*1)),0) | J13: =IFERROR(IF(A13="","",IF(I13>0,"⚡ "&I13&" אירועי עומס","✓ תקין")),"")
A14: =IFERROR(IF(נתוני_בסיס!$Y$11="","",נתוני_בסיס!$Y$11),"") | B14: =IFERROR(IF(A14="","",IFERROR(INDEX(T_Employees[מחלקה],MATCH(A14,T_Employees[שם],0)),INDEX(T_Consultants[מחלקה],MATCH(A14,T_Consultants[שם יועץ],0)))),"") | C14: =IFERROR(IF(A14="","",IF(COUNTIF(T_Consultants[שם יועץ],A14)>0,"יועץ","עובד")),"") | D14: =IFERROR(IF(A14="","",COUNTIFS(T_Assign[שם],A14,T_Assign[תאריך],">="&$B$3,T_Assign[תאריך],"<="&$E$3)),0) | E14: =IFERROR(IF(A14="","",COUNTIFS(T_Assign[שם],A14,T_Assign[תאריך],">="&($B$3+0*7),T_Assign[תאריך],"<="&($B$3+0*7+6))),0) | F14: =IFERROR(IF(A14="","",COUNTIFS(T_Assign[שם],A14,T_Assign[תאריך],">="&($B$3+1*7),T_Assign[תאריך],"<="&($B$3+1*7+6))),0) | G14: =IFERROR(IF(A14="","",COUNTIFS(T_Assign[שם],A14,T_Assign[תאריך],">="&($B$3+2*7),T_Assign[תאריך],"<="&($B$3+2*7+6))),0) | H14: =IFERROR(IF(A14="","",COUNTIFS(T_Assign[שם],A14,T_Assign[תאריך],">="&($B$3+3*7),T_Assign[תאריך],"<="&($B$3+3*7+6))),0) | I14: =IFERROR(IF(A14="","",SUMPRODUCT((E14>=הגדרות!$C$14)*1+(F14>=הגדרות!$C$14)*1+(G14>=הגדרות!$C$14)*1+(H14>=הגדרות!$C$14)*1)),0) | J14: =IFERROR(IF(A14="","",IF(I14>0,"⚡ "&I14&" אירועי עומס","✓ תקין")),"")
A15: =IFERROR(IF(נתוני_בסיס!$Y$12="","",נתוני_בסיס!$Y$12),"") | B15: =IFERROR(IF(A15="","",IFERROR(INDEX(T_Employees[מחלקה],MATCH(A15,T_Employees[שם],0)),INDEX(T_Consultants[מחלקה],MATCH(A15,T_Consultants[שם יועץ],0)))),"") | C15: =IFERROR(IF(A15="","",IF(COUNTIF(T_Consultants[שם יועץ],A15)>0,"יועץ","עובד")),"") | D15: =IFERROR(IF(A15="","",COUNTIFS(T_Assign[שם],A15,T_Assign[תאריך],">="&$B$3,T_Assign[תאריך],"<="&$E$3)),0) | E15: =IFERROR(IF(A15="","",COUNTIFS(T_Assign[שם],A15,T_Assign[תאריך],">="&($B$3+0*7),T_Assign[תאריך],"<="&($B$3+0*7+6))),0) | F15: =IFERROR(IF(A15="","",COUNTIFS(T_Assign[שם],A15,T_Assign[תאריך],">="&($B$3+1*7),T_Assign[תאריך],"<="&($B$3+1*7+6))),0) | G15: =IFERROR(IF(A15="","",COUNTIFS(T_Assign[שם],A15,T_Assign[תאריך],">="&($B$3+2*7),T_Assign[תאריך],"<="&($B$3+2*7+6))),0) | H15: =IFERROR(IF(A15="","",COUNTIFS(T_Assign[שם],A15,T_Assign[תאריך],">="&($B$3+3*7),T_Assign[תאריך],"<="&($B$3+3*7+6))),0) | I15: =IFERROR(IF(A15="","",SUMPRODUCT((E15>=הגדרות!$C$14)*1+(F15>=הגדרות!$C$14)*1+(G15>=הגדרות!$C$14)*1+(H15>=הגדרות!$C$14)*1)),0) | J15: =IFERROR(IF(A15="","",IF(I15>0,"⚡ "&I15&" אירועי עומס","✓ תקין")),"")
A16: =IFERROR(IF(נתוני_בסיס!$Y$13="","",נתוני_בסיס!$Y$13),"") | B16: =IFERROR(IF(A16="","",IFERROR(INDEX(T_Employees[מחלקה],MATCH(A16,T_Employees[שם],0)),INDEX(T_Consultants[מחלקה],MATCH(A16,T_Consultants[שם יועץ],0)))),"") | C16: =IFERROR(IF(A16="","",IF(COUNTIF(T_Consultants[שם יועץ],A16)>0,"יועץ","עובד")),"") | D16: =IFERROR(IF(A16="","",COUNTIFS(T_Assign[שם],A16,T_Assign[תאריך],">="&$B$3,T_Assign[תאריך],"<="&$E$3)),0) | E16: =IFERROR(IF(A16="","",COUNTIFS(T_Assign[שם],A16,T_Assign[תאריך],">="&($B$3+0*7),T_Assign[תאריך],"<="&($B$3+0*7+6))),0) | F16: =IFERROR(IF(A16="","",COUNTIFS(T_Assign[שם],A16,T_Assign[תאריך],">="&($B$3+1*7),T_Assign[תאריך],"<="&($B$3+1*7+6))),0) | G16: =IFERROR(IF(A16="","",COUNTIFS(T_Assign[שם],A16,T_Assign[תאריך],">="&($B$3+2*7),T_Assign[תאריך],"<="&($B$3+2*7+6))),0) | H16: =IFERROR(IF(A16="","",COUNTIFS(T_Assign[שם],A16,T_Assign[תאריך],">="&($B$3+3*7),T_Assign[תאריך],"<="&($B$3+3*7+6))),0) | I16: =IFERROR(IF(A16="","",SUMPRODUCT((E16>=הגדרות!$C$14)*1+(F16>=הגדרות!$C$14)*1+(G16>=הגדרות!$C$14)*1+(H16>=הגדרות!$C$14)*1)),0) | J16: =IFERROR(IF(A16="","",IF(I16>0,"⚡ "&I16&" אירועי עומס","✓ תקין")),"")
A17: =IFERROR(IF(נתוני_בסיס!$Y$14="","",נתוני_בסיס!$Y$14),"") | B17: =IFERROR(IF(A17="","",IFERROR(INDEX(T_Employees[מחלקה],MATCH(A17,T_Employees[שם],0)),INDEX(T_Consultants[מחלקה],MATCH(A17,T_Consultants[שם יועץ],0)))),"") | C17: =IFERROR(IF(A17="","",IF(COUNTIF(T_Consultants[שם יועץ],A17)>0,"יועץ","עובד")),"") | D17: =IFERROR(IF(A17="","",COUNTIFS(T_Assign[שם],A17,T_Assign[תאריך],">="&$B$3,T_Assign[תאריך],"<="&$E$3)),0) | E17: =IFERROR(IF(A17="","",COUNTIFS(T_Assign[שם],A17,T_Assign[תאריך],">="&($B$3+0*7),T_Assign[תאריך],"<="&($B$3+0*7+6))),0) | F17: =IFERROR(IF(A17="","",COUNTIFS(T_Assign[שם],A17,T_Assign[תאריך],">="&($B$3+1*7),T_Assign[תאריך],"<="&($B$3+1*7+6))),0) | G17: =IFERROR(IF(A17="","",COUNTIFS(T_Assign[שם],A17,T_Assign[תאריך],">="&($B$3+2*7),T_Assign[תאריך],"<="&($B$3+2*7+6))),0) | H17: =IFERROR(IF(A17="","",COUNTIFS(T_Assign[שם],A17,T_Assign[תאריך],">="&($B$3+3*7),T_Assign[תאריך],"<="&($B$3+3*7+6))),0) | I17: =IFERROR(IF(A17="","",SUMPRODUCT((E17>=הגדרות!$C$14)*1+(F17>=הגדרות!$C$14)*1+(G17>=הגדרות!$C$14)*1+(H17>=הגדרות!$C$14)*1)),0) | J17: =IFERROR(IF(A17="","",IF(I17>0,"⚡ "&I17&" אירועי עומס","✓ תקין")),"")
A18: =IFERROR(IF(נתוני_בסיס!$Y$15="","",נתוני_בסיס!$Y$15),"") | B18: =IFERROR(IF(A18="","",IFERROR(INDEX(T_Employees[מחלקה],MATCH(A18,T_Employees[שם],0)),INDEX(T_Consultants[מחלקה],MATCH(A18,T_Consultants[שם יועץ],0)))),"") | C18: =IFERROR(IF(A18="","",IF(COUNTIF(T_Consultants[שם יועץ],A18)>0,"יועץ","עובד")),"") | D18: =IFERROR(IF(A18="","",COUNTIFS(T_Assign[שם],A18,T_Assign[תאריך],">="&$B$3,T_Assign[תאריך],"<="&$E$3)),0) | E18: =IFERROR(IF(A18="","",COUNTIFS(T_Assign[שם],A18,T_Assign[תאריך],">="&($B$3+0*7),T_Assign[תאריך],"<="&($B$3+0*7+6))),0) | F18: =IFERROR(IF(A18="","",COUNTIFS(T_Assign[שם],A18,T_Assign[תאריך],">="&($B$3+1*7),T_Assign[תאריך],"<="&($B$3+1*7+6))),0) | G18: =IFERROR(IF(A18="","",COUNTIFS(T_Assign[שם],A18,T_Assign[תאריך],">="&($B$3+2*7),T_Assign[תאריך],"<="&($B$3+2*7+6))),0) | H18: =IFERROR(IF(A18="","",COUNTIFS(T_Assign[שם],A18,T_Assign[תאריך],">="&($B$3+3*7),T_Assign[תאריך],"<="&($B$3+3*7+6))),0) | I18: =IFERROR(IF(A18="","",SUMPRODUCT((E18>=הגדרות!$C$14)*1+(F18>=הגדרות!$C$14)*1+(G18>=הגדרות!$C$14)*1+(H18>=הגדרות!$C$14)*1)),0) | J18: =IFERROR(IF(A18="","",IF(I18>0,"⚡ "&I18&" אירועי עומס","✓ תקין")),"")
A19: =IFERROR(IF(נתוני_בסיס!$Y$16="","",נתוני_בסיס!$Y$16),"") | B19: =IFERROR(IF(A19="","",IFERROR(INDEX(T_Employees[מחלקה],MATCH(A19,T_Employees[שם],0)),INDEX(T_Consultants[מחלקה],MATCH(A19,T_Consultants[שם יועץ],0)))),"") | C19: =IFERROR(IF(A19="","",IF(COUNTIF(T_Consultants[שם יועץ],A19)>0,"יועץ","עובד")),"") | D19: =IFERROR(IF(A19="","",COUNTIFS(T_Assign[שם],A19,T_Assign[תאריך],">="&$B$3,T_Assign[תאריך],"<="&$E$3)),0) | E19: =IFERROR(IF(A19="","",COUNTIFS(T_Assign[שם],A19,T_Assign[תאריך],">="&($B$3+0*7),T_Assign[תאריך],"<="&($B$3+0*7+6))),0) | F19: =IFERROR(IF(A19="","",COUNTIFS(T_Assign[שם],A19,T_Assign[תאריך],">="&($B$3+1*7),T_Assign[תאריך],"<="&($B$3+1*7+6))),0) | G19: =IFERROR(IF(A19="","",COUNTIFS(T_Assign[שם],A19,T_Assign[תאריך],">="&($B$3+2*7),T_Assign[תאריך],"<="&($B$3+2*7+6))),0) | H19: =IFERROR(IF(A19="","",COUNTIFS(T_Assign[שם],A19,T_Assign[תאריך],">="&($B$3+3*7),T_Assign[תאריך],"<="&($B$3+3*7+6))),0) | I19: =IFERROR(IF(A19="","",SUMPRODUCT((E19>=הגדרות!$C$14)*1+(F19>=הגדרות!$C$14)*1+(G19>=הגדרות!$C$14)*1+(H19>=הגדרות!$C$14)*1)),0) | J19: =IFERROR(IF(A19="","",IF(I19>0,"⚡ "&I19&" אירועי עומס","✓ תקין")),"")
